Chargeback Raise Date,Case Number,Acquirer Reference Data - RRN,Primary Account Number,Transaction Date,Transaction Amount,Chargeback Reason code,Chargeback Reason code description,Chargeback Amount,Target Date,PGI REF NO#
27-Dec-23,NPCI334930020,309620100020,652850-XXX-XXX-2690,27-Dec-23,7362,1067,1067-Goods or Services Not Provided / Not Received,5207,27-Dec-23,XUR310830000
28-Dec-23,NPCI334930021,309620100021,652850-XXX-XXX-9650,28-Dec-23,6167,1071,1071-Goods or Services Not Provided / Not Received,5324,28-Dec-23,XUR310830001
29-Dec-23,NPCI334930022,309620100022,652850-XXX-XXX-7169,29-Dec-23,8656,1065,1065-Goods or Services Not Provided / Not Received,5218,29-Dec-23,XUR310830002
30-Dec-23,NPCI334930023,309620100023,652850-XXX-XXX-2483,30-Dec-23,9753,1066,1066-Goods or Services Not Provided / Not Received,5744,30-Dec-23,XUR310830003
31-Dec-23,NPCI334930024,309620100024,652850-XXX-XXX-3286,31-Dec-23,7399,1065,1065-Goods or Services Not Provided / Not Received,5776,31-Dec-23,XUR310830004
01-Jan-24,NPCI334930025,309620100025,652850-XXX-XXX-5715,01-Jan-24,9872,1066,1066-Goods or Services Not Provided / Not Received,5500,01-Jan-24,XUR310830005
02-Jan-24,NPCI334930026,309620100026,652850-XXX-XXX-3369,02-Jan-24,5937,1076,1076-Goods or Services Not Provided / Not Received,5081,02-Jan-24,XUR310830006
03-Jan-24,NPCI334930027,309620100027,652850-XXX-XXX-1945,03-Jan-24,7449,1071,1071-Goods or Services Not Provided / Not Received,5274,03-Jan-24,XUR310830007
04-Jan-24,NPCI334930028,309620100028,652850-XXX-XXX-7633,04-Jan-24,9211,1069,1069-Goods or Services Not Provided / Not Received,5005,04-Jan-24,XUR310830008
05-Jan-24,NPCI334930029,309620100029,652850-XXX-XXX-7392,05-Jan-24,5160,1066,1066-Goods or Services Not Provided / Not Received,5462,05-Jan-24,XUR310830009
06-Jan-24,NPCI3349300210,3096201000210,652850-XXX-XXX-3848,06-Jan-24,9526,1071,1071-Goods or Services Not Provided / Not Received,5381,06-Jan-24,XUR3108300010
07-Jan-24,NPCI3349300211,3096201000211,652850-XXX-XXX-7953,07-Jan-24,6218,1075,1075-Goods or Services Not Provided / Not Received,4991,07-Jan-24,XUR3108300011
08-Jan-24,NPCI3349300212,3096201000212,652850-XXX-XXX-4809,08-Jan-24,6779,1070,1070-Goods or Services Not Provided / Not Received,5576,08-Jan-24,XUR3108300012
09-Jan-24,NPCI3349300213,3096201000213,652850-XXX-XXX-8442,09-Jan-24,9730,1075,1075-Goods or Services Not Provided / Not Received,5721,09-Jan-24,XUR3108300013
10-Jan-24,NPCI3349300214,3096201000214,652850-XXX-XXX-3588,10-Jan-24,8318,1073,1073-Goods or Services Not Provided / Not Received,5589,10-Jan-24,XUR3108300014
11-Jan-24,NPCI3349300215,3096201000215,652850-XXX-XXX-7930,11-Jan-24,6357,1067,1067-Goods or Services Not Provided / Not Received,5546,11-Jan-24,XUR3108300015
12-Jan-24,NPCI3349300216,3096201000216,652850-XXX-XXX-1241,12-Jan-24,6861,1069,1069-Goods or Services Not Provided / Not Received,5169,12-Jan-24,XUR3108300016
13-Jan-24,NPCI3349300217,3096201000217,652850-XXX-XXX-4178,13-Jan-24,5533,1071,1071-Goods or Services Not Provided / Not Received,5486,13-Jan-24,XUR3108300017
14-Jan-24,NPCI3349300218,3096201000218,652850-XXX-XXX-3944,14-Jan-24,7164,1068,1068-Goods or Services Not Provided / Not Received,5291,14-Jan-24,XUR3108300018
15-Jan-24,NPCI3349300219,3096201000219,652850-XXX-XXX-4357,15-Jan-24,8728,1068,1068-Goods or Services Not Provided / Not Received,5020,15-Jan-24,XUR3108300019
16-Jan-24,NPCI3349300220,3096201000220,652850-XXX-XXX-0039,16-Jan-24,6060,1070,1070-Goods or Services Not Provided / Not Received,5210,16-Jan-24,XUR3108300020
17-Jan-24,NPCI3349300221,3096201000221,652850-XXX-XXX-0024,17-Jan-24,9541,1065,1065-Goods or Services Not Provided / Not Received,5433,17-Jan-24,XUR3108300021
18-Jan-24,NPCI3349300222,3096201000222,652850-XXX-XXX-8699,18-Jan-24,6958,1071,1071-Goods or Services Not Provided / Not Received,5119,18-Jan-24,XUR3108300022
19-Jan-24,NPCI3349300223,3096201000223,652850-XXX-XXX-8546,19-Jan-24,5798,1072,1072-Goods or Services Not Provided / Not Received,5358,19-Jan-24,XUR3108300023
20-Jan-24,NPCI3349300224,3096201000224,652850-XXX-XXX-0077,20-Jan-24,5394,1070,1070-Goods or Services Not Provided / Not Received,5369,20-Jan-24,XUR3108300024
21-Jan-24,NPCI3349300225,3096201000225,652850-XXX-XXX-8140,21-Jan-24,9458,1066,1066-Goods or Services Not Provided / Not Received,5675,21-Jan-24,XUR3108300025
22-Jan-24,NPCI3349300226,3096201000226,652850-XXX-XXX-1958,22-Jan-24,5247,1067,1067-Goods or Services Not Provided / Not Received,5066,22-Jan-24,XUR3108300026
23-Jan-24,NPCI3349300227,3096201000227,652850-XXX-XXX-2306,23-Jan-24,5938,1071,1071-Goods or Services Not Provided / Not Received,5452,23-Jan-24,XUR3108300027
24-Jan-24,NPCI3349300228,3096201000228,652850-XXX-XXX-4626,24-Jan-24,7758,1065,1065-Goods or Services Not Provided / Not Received,5504,24-Jan-24,XUR3108300028
25-Jan-24,NPCI3349300229,3096201000229,652850-XXX-XXX-8992,25-Jan-24,5679,1074,1074-Goods or Services Not Provided / Not Received,5328,25-Jan-24,XUR3108300029
26-Jan-24,NPCI3349300230,3096201000230,652850-XXX-XXX-6801,26-Jan-24,6470,1069,1069-Goods or Services Not Provided / Not Received,5379,26-Jan-24,XUR3108300030
27-Jan-24,NPCI3349300231,3096201000231,652850-XXX-XXX-0902,27-Jan-24,7743,1071,1071-Goods or Services Not Provided / Not Received,5606,27-Jan-24,XUR3108300031
28-Jan-24,NPCI3349300232,3096201000232,652850-XXX-XXX-1649,28-Jan-24,5109,1065,1065-Goods or Services Not Provided / Not Received,5635,28-Jan-24,XUR3108300032
29-Jan-24,NPCI3349300233,3096201000233,652850-XXX-XXX-9860,29-Jan-24,5854,1071,1071-Goods or Services Not Provided / Not Received,4986,29-Jan-24,XUR3108300033
30-Jan-24,NPCI3349300234,3096201000234,652850-XXX-XXX-9285,30-Jan-24,5790,1073,1073-Goods or Services Not Provided / Not Received,5296,30-Jan-24,XUR3108300034
31-Jan-24,NPCI3349300235,3096201000235,652850-XXX-XXX-6781,31-Jan-24,7289,1069,1069-Goods or Services Not Provided / Not Received,5146,31-Jan-24,XUR3108300035
01-Feb-24,NPCI3349300236,3096201000236,652850-XXX-XXX-9024,01-Feb-24,8326,1068,1068-Goods or Services Not Provided / Not Received,4984,01-Feb-24,XUR3108300036
02-Feb-24,NPCI3349300237,3096201000237,652850-XXX-XXX-7368,02-Feb-24,8166,1076,1076-Goods or Services Not Provided / Not Received,5127,02-Feb-24,XUR3108300037
03-Feb-24,NPCI3349300238,3096201000238,652850-XXX-XXX-5034,03-Feb-24,6318,1076,1076-Goods or Services Not Provided / Not Received,5248,03-Feb-24,XUR3108300038
04-Feb-24,NPCI3349300239,3096201000239,652850-XXX-XXX-7034,04-Feb-24,7243,1066,1066-Goods or Services Not Provided / Not Received,5655,04-Feb-24,XUR3108300039
05-Feb-24,NPCI3349300240,3096201000240,652850-XXX-XXX-0393,05-Feb-24,7914,1073,1073-Goods or Services Not Provided / Not Received,5409,05-Feb-24,XUR3108300040
06-Feb-24,NPCI3349300241,3096201000241,652850-XXX-XXX-2444,06-Feb-24,7676,1074,1074-Goods or Services Not Provided / Not Received,5274,06-Feb-24,XUR3108300041
07-Feb-24,NPCI3349300242,3096201000242,652850-XXX-XXX-8345,07-Feb-24,9956,1065,1065-Goods or Services Not Provided / Not Received,5598,07-Feb-24,XUR3108300042
08-Feb-24,NPCI3349300243,3096201000243,652850-XXX-XXX-8011,08-Feb-24,5944,1074,1074-Goods or Services Not Provided / Not Received,5739,08-Feb-24,XUR3108300043
09-Feb-24,NPCI3349300244,3096201000244,652850-XXX-XXX-0500,09-Feb-24,9017,1075,1075-Goods or Services Not Provided / Not Received,5680,09-Feb-24,XUR3108300044
10-Feb-24,NPCI3349300245,3096201000245,652850-XXX-XXX-4594,10-Feb-24,9210,1073,1073-Goods or Services Not Provided / Not Received,5062,10-Feb-24,XUR3108300045
11-Feb-24,NPCI3349300246,3096201000246,652850-XXX-XXX-7466,11-Feb-24,6483,1067,1067-Goods or Services Not Provided / Not Received,5636,11-Feb-24,XUR3108300046
12-Feb-24,NPCI3349300247,3096201000247,652850-XXX-XXX-0961,12-Feb-24,7446,1074,1074-Goods or Services Not Provided / Not Received,5684,12-Feb-24,XUR3108300047
13-Feb-24,NPCI3349300248,3096201000248,652850-XXX-XXX-5642,13-Feb-24,9600,1067,1067-Goods or Services Not Provided / Not Received,5453,13-Feb-24,XUR3108300048
14-Feb-24,NPCI3349300249,3096201000249,652850-XXX-XXX-6793,14-Feb-24,6802,1075,1075-Goods or Services Not Provided / Not Received,5724,14-Feb-24,XUR3108300049
15-Feb-24,NPCI3349300250,3096201000250,652850-XXX-XXX-5094,15-Feb-24,5188,1076,1076-Goods or Services Not Provided / Not Received,5536,15-Feb-24,XUR3108300050
16-Feb-24,NPCI3349300251,3096201000251,652850-XXX-XXX-9213,16-Feb-24,8591,1066,1066-Goods or Services Not Provided / Not Received,5570,16-Feb-24,XUR3108300051
17-Feb-24,NPCI3349300252,3096201000252,652850-XXX-XXX-4403,17-Feb-24,7280,1073,1073-Goods or Services Not Provided / Not Received,5509,17-Feb-24,XUR3108300052
18-Feb-24,NPCI3349300253,3096201000253,652850-XXX-XXX-9587,18-Feb-24,5645,1067,1067-Goods or Services Not Provided / Not Received,5227,18-Feb-24,XUR3108300053
19-Feb-24,NPCI3349300254,3096201000254,652850-XXX-XXX-7686,19-Feb-24,9946,1070,1070-Goods or Services Not Provided / Not Received,5698,19-Feb-24,XUR3108300054
20-Feb-24,NPCI3349300255,3096201000255,652850-XXX-XXX-0944,20-Feb-24,6552,1067,1067-Goods or Services Not Provided / Not Received,5118,20-Feb-24,XUR3108300055
21-Feb-24,NPCI3349300256,3096201000256,652850-XXX-XXX-6231,21-Feb-24,5457,1066,1066-Goods or Services Not Provided / Not Received,5476,21-Feb-24,XUR3108300056
22-Feb-24,NPCI3349300257,3096201000257,652850-XXX-XXX-5759,22-Feb-24,9438,1066,1066-Goods or Services Not Provided / Not Received,5575,22-Feb-24,XUR3108300057
23-Feb-24,NPCI3349300258,3096201000258,652850-XXX-XXX-0801,23-Feb-24,9229,1070,1070-Goods or Services Not Provided / Not Received,5146,23-Feb-24,XUR3108300058
24-Feb-24,NPCI3349300259,3096201000259,652850-XXX-XXX-5178,24-Feb-24,8113,1065,1065-Goods or Services Not Provided / Not Received,5751,24-Feb-24,XUR3108300059
25-Feb-24,NPCI3349300260,3096201000260,652850-XXX-XXX-5679,25-Feb-24,5151,1075,1075-Goods or Services Not Provided / Not Received,5068,25-Feb-24,XUR3108300060
26-Feb-24,NPCI3349300261,3096201000261,652850-XXX-XXX-6927,26-Feb-24,9667,1065,1065-Goods or Services Not Provided / Not Received,5693,26-Feb-24,XUR3108300061
27-Feb-24,NPCI3349300262,3096201000262,652850-XXX-XXX-6977,27-Feb-24,8670,1066,1066-Goods or Services Not Provided / Not Received,5249,27-Feb-24,XUR3108300062
28-Feb-24,NPCI3349300263,3096201000263,652850-XXX-XXX-2411,28-Feb-24,5102,1073,1073-Goods or Services Not Provided / Not Received,5668,28-Feb-24,XUR3108300063
29-Feb-24,NPCI3349300264,3096201000264,652850-XXX-XXX-4388,29-Feb-24,7613,1071,1071-Goods or Services Not Provided / Not Received,5378,29-Feb-24,XUR3108300064
01-Mar-24,NPCI3349300265,3096201000265,652850-XXX-XXX-7010,01-Mar-24,6842,1067,1067-Goods or Services Not Provided / Not Received,4991,01-Mar-24,XUR3108300065
02-Mar-24,NPCI3349300266,3096201000266,652850-XXX-XXX-7613,02-Mar-24,6631,1065,1065-Goods or Services Not Provided / Not Received,5492,02-Mar-24,XUR3108300066
03-Mar-24,NPCI3349300267,3096201000267,652850-XXX-XXX-5813,03-Mar-24,9736,1068,1068-Goods or Services Not Provided / Not Received,5723,03-Mar-24,XUR3108300067
04-Mar-24,NPCI3349300268,3096201000268,652850-XXX-XXX-5998,04-Mar-24,7834,1072,1072-Goods or Services Not Provided / Not Received,5383,04-Mar-24,XUR3108300068
05-Mar-24,NPCI3349300269,3096201000269,652850-XXX-XXX-2921,05-Mar-24,6919,1070,1070-Goods or Services Not Provided / Not Received,5525,05-Mar-24,XUR3108300069
06-Mar-24,NPCI3349300270,3096201000270,652850-XXX-XXX-5567,06-Mar-24,8360,1075,1075-Goods or Services Not Provided / Not Received,5611,06-Mar-24,XUR3108300070
07-Mar-24,NPCI3349300271,3096201000271,652850-XXX-XXX-5958,07-Mar-24,9107,1065,1065-Goods or Services Not Provided / Not Received,5107,07-Mar-24,XUR3108300071
08-Mar-24,NPCI3349300272,3096201000272,652850-XXX-XXX-0598,08-Mar-24,6054,1066,1066-Goods or Services Not Provided / Not Received,5027,08-Mar-24,XUR3108300072
09-Mar-24,NPCI3349300273,3096201000273,652850-XXX-XXX-1269,09-Mar-24,6216,1074,1074-Goods or Services Not Provided / Not Received,5665,09-Mar-24,XUR3108300073
10-Mar-24,NPCI3349300274,3096201000274,652850-XXX-XXX-7166,10-Mar-24,7091,1068,1068-Goods or Services Not Provided / Not Received,5150,10-Mar-24,XUR3108300074
11-Mar-24,NPCI3349300275,3096201000275,652850-XXX-XXX-6065,11-Mar-24,8506,1065,1065-Goods or Services Not Provided / Not Received,5542,11-Mar-24,XUR3108300075
12-Mar-24,NPCI3349300276,3096201000276,652850-XXX-XXX-6532,12-Mar-24,9192,1073,1073-Goods or Services Not Provided / Not Received,5767,12-Mar-24,XUR3108300076
13-Mar-24,NPCI3349300277,3096201000277,652850-XXX-XXX-6758,13-Mar-24,5191,1068,1068-Goods or Services Not Provided / Not Received,5641,13-Mar-24,XUR3108300077
14-Mar-24,NPCI3349300278,3096201000278,652850-XXX-XXX-1220,14-Mar-24,6633,1076,1076-Goods or Services Not Provided / Not Received,5422,14-Mar-24,XUR3108300078
15-Mar-24,NPCI3349300279,3096201000279,652850-XXX-XXX-1685,15-Mar-24,5362,1073,1073-Goods or Services Not Provided / Not Received,5582,15-Mar-24,XUR3108300079
16-Mar-24,NPCI3349300280,3096201000280,652850-XXX-XXX-8000,16-Mar-24,9433,1066,1066-Goods or Services Not Provided / Not Received,5707,16-Mar-24,XUR3108300080
17-Mar-24,NPCI3349300281,3096201000281,652850-XXX-XXX-4669,17-Mar-24,8032,1068,1068-Goods or Services Not Provided / Not Received,5040,17-Mar-24,XUR3108300081
18-Mar-24,NPCI3349300282,3096201000282,652850-XXX-XXX-7449,18-Mar-24,9403,1073,1073-Goods or Services Not Provided / Not Received,5176,18-Mar-24,XUR3108300082
19-Mar-24,NPCI3349300283,3096201000283,652850-XXX-XXX-0819,19-Mar-24,8643,1073,1073-Goods or Services Not Provided / Not Received,5682,19-Mar-24,XUR3108300083
20-Mar-24,NPCI3349300284,3096201000284,652850-XXX-XXX-9171,20-Mar-24,6338,1069,1069-Goods or Services Not Provided / Not Received,5172,20-Mar-24,XUR3108300084
21-Mar-24,NPCI3349300285,3096201000285,652850-XXX-XXX-9643,21-Mar-24,6641,1070,1070-Goods or Services Not Provided / Not Received,5016,21-Mar-24,XUR3108300085
22-Mar-24,NPCI3349300286,3096201000286,652850-XXX-XXX-5365,22-Mar-24,5044,1070,1070-Goods or Services Not Provided / Not Received,5539,22-Mar-24,XUR3108300086
23-Mar-24,NPCI3349300287,3096201000287,652850-XXX-XXX-8475,23-Mar-24,6862,1070,1070-Goods or Services Not Provided / Not Received,5501,23-Mar-24,XUR3108300087
24-Mar-24,NPCI3349300288,3096201000288,652850-XXX-XXX-0342,24-Mar-24,7672,1075,1075-Goods or Services Not Provided / Not Received,5590,24-Mar-24,XUR3108300088
25-Mar-24,NPCI3349300289,3096201000289,652850-XXX-XXX-2830,25-Mar-24,8933,1075,1075-Goods or Services Not Provided / Not Received,5165,25-Mar-24,XUR3108300089
26-Mar-24,NPCI3349300290,3096201000290,652850-XXX-XXX-5409,26-Mar-24,9176,1076,1076-Goods or Services Not Provided / Not Received,5406,26-Mar-24,XUR3108300090
27-Mar-24,NPCI3349300291,3096201000291,652850-XXX-XXX-2383,27-Mar-24,5834,1073,1073-Goods or Services Not Provided / Not Received,5181,27-Mar-24,XUR3108300091
28-Mar-24,NPCI3349300292,3096201000292,652850-XXX-XXX-6929,28-Mar-24,6886,1073,1073-Goods or Services Not Provided / Not Received,5085,28-Mar-24,XUR3108300092
29-Mar-24,NPCI3349300293,3096201000293,652850-XXX-XXX-5497,29-Mar-24,6721,1068,1068-Goods or Services Not Provided / Not Received,5315,29-Mar-24,XUR3108300093
30-Mar-24,NPCI3349300294,3096201000294,652850-XXX-XXX-3045,30-Mar-24,8348,1068,1068-Goods or Services Not Provided / Not Received,5174,30-Mar-24,XUR3108300094
31-Mar-24,NPCI3349300295,3096201000295,652850-XXX-XXX-8670,31-Mar-24,6567,1065,1065-Goods or Services Not Provided / Not Received,4965,31-Mar-24,XUR3108300095
01-Apr-24,NPCI3349300296,3096201000296,652850-XXX-XXX-9469,01-Apr-24,8947,1070,1070-Goods or Services Not Provided / Not Received,5020,01-Apr-24,XUR3108300096
02-Apr-24,NPCI3349300297,3096201000297,652850-XXX-XXX-2700,02-Apr-24,7945,1072,1072-Goods or Services Not Provided / Not Received,5179,02-Apr-24,XUR3108300097
03-Apr-24,NPCI3349300298,3096201000298,652850-XXX-XXX-3354,03-Apr-24,8625,1067,1067-Goods or Services Not Provided / Not Received,5347,03-Apr-24,XUR3108300098
04-Apr-24,NPCI3349300299,3096201000299,652850-XXX-XXX-4968,04-Apr-24,7928,1067,1067-Goods or Services Not Provided / Not Received,5539,04-Apr-24,XUR3108300099
05-Apr-24,NPCI33493002100,30962010002100,652850-XXX-XXX-1953,05-Apr-24,9114,1076,1076-Goods or Services Not Provided / Not Received,5192,05-Apr-24,XUR31083000100
06-Apr-24,NPCI33493002101,30962010002101,652850-XXX-XXX-7767,06-Apr-24,7837,1065,1065-Goods or Services Not Provided / Not Received,5541,06-Apr-24,XUR31083000101
07-Apr-24,NPCI33493002102,30962010002102,652850-XXX-XXX-1224,07-Apr-24,7185,1075,1075-Goods or Services Not Provided / Not Received,5215,07-Apr-24,XUR31083000102
08-Apr-24,NPCI33493002103,30962010002103,652850-XXX-XXX-9696,08-Apr-24,5507,1068,1068-Goods or Services Not Provided / Not Received,5117,08-Apr-24,XUR31083000103
09-Apr-24,NPCI33493002104,30962010002104,652850-XXX-XXX-0135,09-Apr-24,8468,1067,1067-Goods or Services Not Provided / Not Received,5616,09-Apr-24,XUR31083000104
10-Apr-24,NPCI33493002105,30962010002105,652850-XXX-XXX-8827,10-Apr-24,6402,1067,1067-Goods or Services Not Provided / Not Received,5478,10-Apr-24,XUR31083000105
11-Apr-24,NPCI33493002106,30962010002106,652850-XXX-XXX-5560,11-Apr-24,5626,1071,1071-Goods or Services Not Provided / Not Received,5169,11-Apr-24,XUR31083000106
12-Apr-24,NPCI33493002107,30962010002107,652850-XXX-XXX-0692,12-Apr-24,6960,1065,1065-Goods or Services Not Provided / Not Received,5467,12-Apr-24,XUR31083000107
13-Apr-24,NPCI33493002108,30962010002108,652850-XXX-XXX-1783,13-Apr-24,7933,1075,1075-Goods or Services Not Provided / Not Received,5000,13-Apr-24,XUR31083000108
14-Apr-24,NPCI33493002109,30962010002109,652850-XXX-XXX-6840,14-Apr-24,8168,1067,1067-Goods or Services Not Provided / Not Received,5143,14-Apr-24,XUR31083000109
15-Apr-24,NPCI33493002110,30962010002110,652850-XXX-XXX-5507,15-Apr-24,6565,1071,1071-Goods or Services Not Provided / Not Received,5594,15-Apr-24,XUR31083000110
16-Apr-24,NPCI33493002111,30962010002111,652850-XXX-XXX-3541,16-Apr-24,9175,1069,1069-Goods or Services Not Provided / Not Received,5194,16-Apr-24,XUR31083000111
17-Apr-24,NPCI33493002112,30962010002112,652850-XXX-XXX-1402,17-Apr-24,6279,1073,1073-Goods or Services Not Provided / Not Received,5148,17-Apr-24,XUR31083000112
18-Apr-24,NPCI33493002113,30962010002113,652850-XXX-XXX-6574,18-Apr-24,8115,1073,1073-Goods or Services Not Provided / Not Received,5055,18-Apr-24,XUR31083000113
19-Apr-24,NPCI33493002114,30962010002114,652850-XXX-XXX-9616,19-Apr-24,8580,1074,1074-Goods or Services Not Provided / Not Received,5410,19-Apr-24,XUR31083000114
20-Apr-24,NPCI33493002115,30962010002115,652850-XXX-XXX-6341,20-Apr-24,5076,1069,1069-Goods or Services Not Provided / Not Received,5461,20-Apr-24,XUR31083000115
21-Apr-24,NPCI33493002116,30962010002116,652850-XXX-XXX-4984,21-Apr-24,8338,1073,1073-Goods or Services Not Provided / Not Received,5024,21-Apr-24,XUR31083000116
22-Apr-24,NPCI33493002117,30962010002117,652850-XXX-XXX-1807,22-Apr-24,9040,1065,1065-Goods or Services Not Provided / Not Received,5464,22-Apr-24,XUR31083000117
23-Apr-24,NPCI33493002118,30962010002118,652850-XXX-XXX-2505,23-Apr-24,5742,1066,1066-Goods or Services Not Provided / Not Received,5591,23-Apr-24,XUR31083000118
24-Apr-24,NPCI33493002119,30962010002119,652850-XXX-XXX-5203,24-Apr-24,5258,1070,1070-Goods or Services Not Provided / Not Received,5099,24-Apr-24,XUR31083000119
25-Apr-24,NPCI33493002120,30962010002120,652850-XXX-XXX-1018,25-Apr-24,6798,1073,1073-Goods or Services Not Provided / Not Received,5766,25-Apr-24,XUR31083000120
26-Apr-24,NPCI33493002121,30962010002121,652850-XXX-XXX-9642,26-Apr-24,8525,1072,1072-Goods or Services Not Provided / Not Received,5033,26-Apr-24,XUR31083000121
27-Apr-24,NPCI33493002122,30962010002122,652850-XXX-XXX-5269,27-Apr-24,6377,1068,1068-Goods or Services Not Provided / Not Received,5039,27-Apr-24,XUR31083000122
28-Apr-24,NPCI33493002123,30962010002123,652850-XXX-XXX-1536,28-Apr-24,9773,1065,1065-Goods or Services Not Provided / Not Received,5082,28-Apr-24,XUR31083000123
29-Apr-24,NPCI33493002124,30962010002124,652850-XXX-XXX-4199,29-Apr-24,9669,1071,1071-Goods or Services Not Provided / Not Received,5101,29-Apr-24,XUR31083000124
30-Apr-24,NPCI33493002125,30962010002125,652850-XXX-XXX-5553,30-Apr-24,7116,1067,1067-Goods or Services Not Provided / Not Received,5160,30-Apr-24,XUR31083000125
01-May-24,NPCI33493002126,30962010002126,652850-XXX-XXX-3326,01-May-24,5493,1075,1075-Goods or Services Not Provided / Not Received,5550,01-May-24,XUR31083000126
02-May-24,NPCI33493002127,30962010002127,652850-XXX-XXX-2620,02-May-24,8845,1069,1069-Goods or Services Not Provided / Not Received,5104,02-May-24,XUR31083000127
03-May-24,NPCI33493002128,30962010002128,652850-XXX-XXX-7193,03-May-24,7448,1066,1066-Goods or Services Not Provided / Not Received,5112,03-May-24,XUR31083000128
04-May-24,NPCI33493002129,30962010002129,652850-XXX-XXX-0067,04-May-24,8074,1066,1066-Goods or Services Not Provided / Not Received,5565,04-May-24,XUR31083000129
05-May-24,NPCI33493002130,30962010002130,652850-XXX-XXX-7067,05-May-24,9945,1068,1068-Goods or Services Not Provided / Not Received,5373,05-May-24,XUR31083000130
06-May-24,NPCI33493002131,30962010002131,652850-XXX-XXX-2249,06-May-24,7680,1071,1071-Goods or Services Not Provided / Not Received,5517,06-May-24,XUR31083000131
07-May-24,NPCI33493002132,30962010002132,652850-XXX-XXX-4936,07-May-24,7346,1065,1065-Goods or Services Not Provided / Not Received,5080,07-May-24,XUR31083000132
08-May-24,NPCI33493002133,30962010002133,652850-XXX-XXX-6066,08-May-24,9301,1069,1069-Goods or Services Not Provided / Not Received,5776,08-May-24,XUR31083000133
09-May-24,NPCI33493002134,30962010002134,652850-XXX-XXX-7174,09-May-24,9078,1072,1072-Goods or Services Not Provided / Not Received,5014,09-May-24,XUR31083000134
10-May-24,NPCI33493002135,30962010002135,652850-XXX-XXX-7221,10-May-24,5131,1076,1076-Goods or Services Not Provided / Not Received,5726,10-May-24,XUR31083000135
11-May-24,NPCI33493002136,30962010002136,652850-XXX-XXX-4317,11-May-24,7831,1076,1076-Goods or Services Not Provided / Not Received,5172,11-May-24,XUR31083000136
12-May-24,NPCI33493002137,30962010002137,652850-XXX-XXX-4285,12-May-24,5666,1069,1069-Goods or Services Not Provided / Not Received,5526,12-May-24,XUR31083000137
13-May-24,NPCI33493002138,30962010002138,652850-XXX-XXX-7207,13-May-24,9231,1071,1071-Goods or Services Not Provided / Not Received,5714,13-May-24,XUR31083000138
14-May-24,NPCI33493002139,30962010002139,652850-XXX-XXX-0307,14-May-24,8094,1065,1065-Goods or Services Not Provided / Not Received,5666,14-May-24,XUR31083000139
15-May-24,NPCI33493002140,30962010002140,652850-XXX-XXX-3536,15-May-24,9660,1070,1070-Goods or Services Not Provided / Not Received,5591,15-May-24,XUR31083000140
16-May-24,NPCI33493002141,30962010002141,652850-XXX-XXX-7301,16-May-24,6778,1067,1067-Goods or Services Not Provided / Not Received,5360,16-May-24,XUR31083000141
17-May-24,NPCI33493002142,30962010002142,652850-XXX-XXX-9846,17-May-24,6369,1065,1065-Goods or Services Not Provided / Not Received,5397,17-May-24,XUR31083000142
18-May-24,NPCI33493002143,30962010002143,652850-XXX-XXX-7970,18-May-24,6561,1069,1069-Goods or Services Not Provided / Not Received,5388,18-May-24,XUR31083000143
19-May-24,NPCI33493002144,30962010002144,652850-XXX-XXX-0521,19-May-24,9120,1069,1069-Goods or Services Not Provided / Not Received,5063,19-May-24,XUR31083000144
20-May-24,NPCI33493002145,30962010002145,652850-XXX-XXX-7211,20-May-24,8633,1074,1074-Goods or Services Not Provided / Not Received,5760,20-May-24,XUR31083000145
21-May-24,NPCI33493002146,30962010002146,652850-XXX-XXX-7708,21-May-24,6423,1072,1072-Goods or Services Not Provided / Not Received,5671,21-May-24,XUR31083000146
22-May-24,NPCI33493002147,30962010002147,652850-XXX-XXX-3667,22-May-24,7250,1069,1069-Goods or Services Not Provided / Not Received,5042,22-May-24,XUR31083000147
23-May-24,NPCI33493002148,30962010002148,652850-XXX-XXX-0866,23-May-24,6694,1074,1074-Goods or Services Not Provided / Not Received,5095,23-May-24,XUR31083000148
24-May-24,NPCI33493002149,30962010002149,652850-XXX-XXX-4512,24-May-24,9390,1065,1065-Goods or Services Not Provided / Not Received,5614,24-May-24,XUR31083000149
25-May-24,NPCI33493002150,30962010002150,652850-XXX-XXX-4097,25-May-24,5136,1067,1067-Goods or Services Not Provided / Not Received,5153,25-May-24,XUR31083000150
26-May-24,NPCI33493002151,30962010002151,652850-XXX-XXX-6839,26-May-24,8150,1070,1070-Goods or Services Not Provided / Not Received,5295,26-May-24,XUR31083000151
27-May-24,NPCI33493002152,30962010002152,652850-XXX-XXX-2018,27-May-24,9480,1074,1074-Goods or Services Not Provided / Not Received,4977,27-May-24,XUR31083000152
28-May-24,NPCI33493002153,30962010002153,652850-XXX-XXX-1442,28-May-24,8970,1070,1070-Goods or Services Not Provided / Not Received,5416,28-May-24,XUR31083000153
29-May-24,NPCI33493002154,30962010002154,652850-XXX-XXX-8206,29-May-24,9963,1076,1076-Goods or Services Not Provided / Not Received,5540,29-May-24,XUR31083000154
30-May-24,NPCI33493002155,30962010002155,652850-XXX-XXX-3613,30-May-24,8621,1065,1065-Goods or Services Not Provided / Not Received,5576,30-May-24,XUR31083000155
31-May-24,NPCI33493002156,30962010002156,652850-XXX-XXX-0738,31-May-24,7269,1066,1066-Goods or Services Not Provided / Not Received,5124,31-May-24,XUR31083000156
01-Jun-24,NPCI33493002157,30962010002157,652850-XXX-XXX-2901,01-Jun-24,6862,1075,1075-Goods or Services Not Provided / Not Received,5728,01-Jun-24,XUR31083000157
02-Jun-24,NPCI33493002158,30962010002158,652850-XXX-XXX-6667,02-Jun-24,6257,1066,1066-Goods or Services Not Provided / Not Received,5728,02-Jun-24,XUR31083000158
03-Jun-24,NPCI33493002159,30962010002159,652850-XXX-XXX-1431,03-Jun-24,9261,1073,1073-Goods or Services Not Provided / Not Received,5538,03-Jun-24,XUR31083000159
04-Jun-24,NPCI33493002160,30962010002160,652850-XXX-XXX-5642,04-Jun-24,9206,1066,1066-Goods or Services Not Provided / Not Received,5602,04-Jun-24,XUR31083000160
05-Jun-24,NPCI33493002161,30962010002161,652850-XXX-XXX-6231,05-Jun-24,8375,1067,1067-Goods or Services Not Provided / Not Received,5409,05-Jun-24,XUR31083000161
06-Jun-24,NPCI33493002162,30962010002162,652850-XXX-XXX-5777,06-Jun-24,6381,1066,1066-Goods or Services Not Provided / Not Received,5244,06-Jun-24,XUR31083000162
07-Jun-24,NPCI33493002163,30962010002163,652850-XXX-XXX-9893,07-Jun-24,7342,1072,1072-Goods or Services Not Provided / Not Received,5261,07-Jun-24,XUR31083000163
08-Jun-24,NPCI33493002164,30962010002164,652850-XXX-XXX-5812,08-Jun-24,6579,1070,1070-Goods or Services Not Provided / Not Received,5726,08-Jun-24,XUR31083000164
09-Jun-24,NPCI33493002165,30962010002165,652850-XXX-XXX-0489,09-Jun-24,5794,1069,1069-Goods or Services Not Provided / Not Received,4994,09-Jun-24,XUR31083000165
10-Jun-24,NPCI33493002166,30962010002166,652850-XXX-XXX-0009,10-Jun-24,9142,1065,1065-Goods or Services Not Provided / Not Received,5244,10-Jun-24,XUR31083000166
11-Jun-24,NPCI33493002167,30962010002167,652850-XXX-XXX-2680,11-Jun-24,6970,1065,1065-Goods or Services Not Provided / Not Received,5073,11-Jun-24,XUR31083000167
12-Jun-24,NPCI33493002168,30962010002168,652850-XXX-XXX-4391,12-Jun-24,5796,1071,1071-Goods or Services Not Provided / Not Received,5534,12-Jun-24,XUR31083000168
13-Jun-24,NPCI33493002169,30962010002169,652850-XXX-XXX-9819,13-Jun-24,8032,1075,1075-Goods or Services Not Provided / Not Received,5092,13-Jun-24,XUR31083000169
14-Jun-24,NPCI33493002170,30962010002170,652850-XXX-XXX-6730,14-Jun-24,5571,1071,1071-Goods or Services Not Provided / Not Received,5405,14-Jun-24,XUR31083000170
15-Jun-24,NPCI33493002171,30962010002171,652850-XXX-XXX-6559,15-Jun-24,6427,1065,1065-Goods or Services Not Provided / Not Received,5016,15-Jun-24,XUR31083000171
16-Jun-24,NPCI33493002172,30962010002172,652850-XXX-XXX-0925,16-Jun-24,8368,1065,1065-Goods or Services Not Provided / Not Received,5733,16-Jun-24,XUR31083000172
17-Jun-24,NPCI33493002173,30962010002173,652850-XXX-XXX-2671,17-Jun-24,8415,1067,1067-Goods or Services Not Provided / Not Received,5242,17-Jun-24,XUR31083000173
18-Jun-24,NPCI33493002174,30962010002174,652850-XXX-XXX-1486,18-Jun-24,9979,1073,1073-Goods or Services Not Provided / Not Received,5310,18-Jun-24,XUR31083000174
19-Jun-24,NPCI33493002175,30962010002175,652850-XXX-XXX-5100,19-Jun-24,8590,1073,1073-Goods or Services Not Provided / Not Received,5537,19-Jun-24,XUR31083000175
20-Jun-24,NPCI33493002176,30962010002176,652850-XXX-XXX-6829,20-Jun-24,7202,1065,1065-Goods or Services Not Provided / Not Received,5621,20-Jun-24,XUR31083000176
21-Jun-24,NPCI33493002177,30962010002177,652850-XXX-XXX-4261,21-Jun-24,5237,1073,1073-Goods or Services Not Provided / Not Received,5696,21-Jun-24,XUR31083000177
22-Jun-24,NPCI33493002178,30962010002178,652850-XXX-XXX-9612,22-Jun-24,7360,1070,1070-Goods or Services Not Provided / Not Received,5726,22-Jun-24,XUR31083000178
23-Jun-24,NPCI33493002179,30962010002179,652850-XXX-XXX-4798,23-Jun-24,6009,1074,1074-Goods or Services Not Provided / Not Received,5526,23-Jun-24,XUR31083000179
24-Jun-24,NPCI33493002180,30962010002180,652850-XXX-XXX-9440,24-Jun-24,5440,1071,1071-Goods or Services Not Provided / Not Received,5721,24-Jun-24,XUR31083000180
25-Jun-24,NPCI33493002181,30962010002181,652850-XXX-XXX-4637,25-Jun-24,8701,1073,1073-Goods or Services Not Provided / Not Received,5411,25-Jun-24,XUR31083000181
26-Jun-24,NPCI33493002182,30962010002182,652850-XXX-XXX-9166,26-Jun-24,7478,1065,1065-Goods or Services Not Provided / Not Received,5126,26-Jun-24,XUR31083000182
27-Jun-24,NPCI33493002183,30962010002183,652850-XXX-XXX-4951,27-Jun-24,8493,1067,1067-Goods or Services Not Provided / Not Received,5569,27-Jun-24,XUR31083000183
28-Jun-24,NPCI33493002184,30962010002184,652850-XXX-XXX-5710,28-Jun-24,8077,1065,1065-Goods or Services Not Provided / Not Received,5283,28-Jun-24,XUR31083000184
29-Jun-24,NPCI33493002185,30962010002185,652850-XXX-XXX-9127,29-Jun-24,8679,1072,1072-Goods or Services Not Provided / Not Received,5173,29-Jun-24,XUR31083000185
30-Jun-24,NPCI33493002186,30962010002186,652850-XXX-XXX-5595,30-Jun-24,9978,1072,1072-Goods or Services Not Provided / Not Received,5362,30-Jun-24,XUR31083000186
01-Jul-24,NPCI33493002187,30962010002187,652850-XXX-XXX-3639,01-Jul-24,6654,1070,1070-Goods or Services Not Provided / Not Received,5270,01-Jul-24,XUR31083000187
02-Jul-24,NPCI33493002188,30962010002188,652850-XXX-XXX-1489,02-Jul-24,5546,1066,1066-Goods or Services Not Provided / Not Received,5589,02-Jul-24,XUR31083000188
03-Jul-24,NPCI33493002189,30962010002189,652850-XXX-XXX-0757,03-Jul-24,6800,1071,1071-Goods or Services Not Provided / Not Received,5126,03-Jul-24,XUR31083000189
04-Jul-24,NPCI33493002190,30962010002190,652850-XXX-XXX-6845,04-Jul-24,7550,1065,1065-Goods or Services Not Provided / Not Received,5604,04-Jul-24,XUR31083000190
05-Jul-24,NPCI33493002191,30962010002191,652850-XXX-XXX-8127,05-Jul-24,9426,1074,1074-Goods or Services Not Provided / Not Received,5030,05-Jul-24,XUR31083000191
06-Jul-24,NPCI33493002192,30962010002192,652850-XXX-XXX-7776,06-Jul-24,6905,1070,1070-Goods or Services Not Provided / Not Received,5135,06-Jul-24,XUR31083000192
07-Jul-24,NPCI33493002193,30962010002193,652850-XXX-XXX-7574,07-Jul-24,6656,1066,1066-Goods or Services Not Provided / Not Received,5404,07-Jul-24,XUR31083000193
08-Jul-24,NPCI33493002194,30962010002194,652850-XXX-XXX-4540,08-Jul-24,9072,1069,1069-Goods or Services Not Provided / Not Received,5243,08-Jul-24,XUR31083000194
09-Jul-24,NPCI33493002195,30962010002195,652850-XXX-XXX-7774,09-Jul-24,9522,1072,1072-Goods or Services Not Provided / Not Received,5576,09-Jul-24,XUR31083000195
10-Jul-24,NPCI33493002196,30962010002196,652850-XXX-XXX-5236,10-Jul-24,9417,1071,1071-Goods or Services Not Provided / Not Received,5739,10-Jul-24,XUR31083000196
11-Jul-24,NPCI33493002197,30962010002197,652850-XXX-XXX-2908,11-Jul-24,8866,1073,1073-Goods or Services Not Provided / Not Received,5205,11-Jul-24,XUR31083000197
12-Jul-24,NPCI33493002198,30962010002198,652850-XXX-XXX-6608,12-Jul-24,8264,1075,1075-Goods or Services Not Provided / Not Received,5480,12-Jul-24,XUR31083000198
13-Jul-24,NPCI33493002199,30962010002199,652850-XXX-XXX-5942,13-Jul-24,8562,1074,1074-Goods or Services Not Provided / Not Received,5739,13-Jul-24,XUR31083000199
14-Jul-24,NPCI33493002200,30962010002200,652850-XXX-XXX-0998,14-Jul-24,7662,1065,1065-Goods or Services Not Provided / Not Received,5615,14-Jul-24,XUR31083000200
15-Jul-24,NPCI33493002201,30962010002201,652850-XXX-XXX-5894,15-Jul-24,9715,1070,1070-Goods or Services Not Provided / Not Received,5633,15-Jul-24,XUR31083000201
16-Jul-24,NPCI33493002202,30962010002202,652850-XXX-XXX-1266,16-Jul-24,5149,1068,1068-Goods or Services Not Provided / Not Received,5723,16-Jul-24,XUR31083000202
17-Jul-24,NPCI33493002203,30962010002203,652850-XXX-XXX-9607,17-Jul-24,7546,1070,1070-Goods or Services Not Provided / Not Received,5261,17-Jul-24,XUR31083000203
18-Jul-24,NPCI33493002204,30962010002204,652850-XXX-XXX-9214,18-Jul-24,9178,1076,1076-Goods or Services Not Provided / Not Received,5577,18-Jul-24,XUR31083000204
19-Jul-24,NPCI33493002205,30962010002205,652850-XXX-XXX-8470,19-Jul-24,9425,1071,1071-Goods or Services Not Provided / Not Received,5288,19-Jul-24,XUR31083000205
20-Jul-24,NPCI33493002206,30962010002206,652850-XXX-XXX-7914,20-Jul-24,6712,1072,1072-Goods or Services Not Provided / Not Received,5666,20-Jul-24,XUR31083000206
21-Jul-24,NPCI33493002207,30962010002207,652850-XXX-XXX-0785,21-Jul-24,7273,1071,1071-Goods or Services Not Provided / Not Received,5316,21-Jul-24,XUR31083000207
22-Jul-24,NPCI33493002208,30962010002208,652850-XXX-XXX-0165,22-Jul-24,9638,1074,1074-Goods or Services Not Provided / Not Received,5685,22-Jul-24,XUR31083000208
23-Jul-24,NPCI33493002209,30962010002209,652850-XXX-XXX-6363,23-Jul-24,6313,1071,1071-Goods or Services Not Provided / Not Received,5466,23-Jul-24,XUR31083000209
24-Jul-24,NPCI33493002210,30962010002210,652850-XXX-XXX-3857,24-Jul-24,8081,1065,1065-Goods or Services Not Provided / Not Received,5735,24-Jul-24,XUR31083000210
25-Jul-24,NPCI33493002211,30962010002211,652850-XXX-XXX-1942,25-Jul-24,7697,1071,1071-Goods or Services Not Provided / Not Received,5720,25-Jul-24,XUR31083000211
26-Jul-24,NPCI33493002212,30962010002212,652850-XXX-XXX-8498,26-Jul-24,6964,1073,1073-Goods or Services Not Provided / Not Received,5737,26-Jul-24,XUR31083000212
27-Jul-24,NPCI33493002213,30962010002213,652850-XXX-XXX-9014,27-Jul-24,8061,1074,1074-Goods or Services Not Provided / Not Received,5246,27-Jul-24,XUR31083000213
28-Jul-24,NPCI33493002214,30962010002214,652850-XXX-XXX-9631,28-Jul-24,7774,1075,1075-Goods or Services Not Provided / Not Received,5446,28-Jul-24,XUR31083000214
29-Jul-24,NPCI33493002215,30962010002215,652850-XXX-XXX-2244,29-Jul-24,5978,1072,1072-Goods or Services Not Provided / Not Received,5390,29-Jul-24,XUR31083000215
30-Jul-24,NPCI33493002216,30962010002216,652850-XXX-XXX-5455,30-Jul-24,8400,1072,1072-Goods or Services Not Provided / Not Received,5002,30-Jul-24,XUR31083000216
31-Jul-24,NPCI33493002217,30962010002217,652850-XXX-XXX-3577,31-Jul-24,5095,1075,1075-Goods or Services Not Provided / Not Received,5121,31-Jul-24,XUR31083000217
01-Aug-24,NPCI33493002218,30962010002218,652850-XXX-XXX-6637,01-Aug-24,5453,1069,1069-Goods or Services Not Provided / Not Received,5520,01-Aug-24,XUR31083000218
02-Aug-24,NPCI33493002219,30962010002219,652850-XXX-XXX-7726,02-Aug-24,8501,1075,1075-Goods or Services Not Provided / Not Received,5722,02-Aug-24,XUR31083000219
03-Aug-24,NPCI33493002220,30962010002220,652850-XXX-XXX-2900,03-Aug-24,6279,1069,1069-Goods or Services Not Provided / Not Received,5461,03-Aug-24,XUR31083000220
04-Aug-24,NPCI33493002221,30962010002221,652850-XXX-XXX-2322,04-Aug-24,8551,1068,1068-Goods or Services Not Provided / Not Received,5743,04-Aug-24,XUR31083000221
05-Aug-24,NPCI33493002222,30962010002222,652850-XXX-XXX-2243,05-Aug-24,5535,1065,1065-Goods or Services Not Provided / Not Received,5343,05-Aug-24,XUR31083000222
06-Aug-24,NPCI33493002223,30962010002223,652850-XXX-XXX-7683,06-Aug-24,8901,1067,1067-Goods or Services Not Provided / Not Received,5356,06-Aug-24,XUR31083000223
07-Aug-24,NPCI33493002224,30962010002224,652850-XXX-XXX-6650,07-Aug-24,9843,1075,1075-Goods or Services Not Provided / Not Received,5019,07-Aug-24,XUR31083000224
08-Aug-24,NPCI33493002225,30962010002225,652850-XXX-XXX-5843,08-Aug-24,8346,1069,1069-Goods or Services Not Provided / Not Received,5358,08-Aug-24,XUR31083000225
09-Aug-24,NPCI33493002226,30962010002226,652850-XXX-XXX-5307,09-Aug-24,8338,1072,1072-Goods or Services Not Provided / Not Received,5256,09-Aug-24,XUR31083000226
10-Aug-24,NPCI33493002227,30962010002227,652850-XXX-XXX-0436,10-Aug-24,9745,1074,1074-Goods or Services Not Provided / Not Received,5393,10-Aug-24,XUR31083000227
11-Aug-24,NPCI33493002228,30962010002228,652850-XXX-XXX-5353,11-Aug-24,9666,1065,1065-Goods or Services Not Provided / Not Received,4994,11-Aug-24,XUR31083000228
12-Aug-24,NPCI33493002229,30962010002229,652850-XXX-XXX-2380,12-Aug-24,8493,1066,1066-Goods or Services Not Provided / Not Received,5648,12-Aug-24,XUR31083000229
13-Aug-24,NPCI33493002230,30962010002230,652850-XXX-XXX-8411,13-Aug-24,6950,1069,1069-Goods or Services Not Provided / Not Received,5507,13-Aug-24,XUR31083000230
14-Aug-24,NPCI33493002231,30962010002231,652850-XXX-XXX-8834,14-Aug-24,6609,1067,1067-Goods or Services Not Provided / Not Received,5747,14-Aug-24,XUR31083000231
15-Aug-24,NPCI33493002232,30962010002232,652850-XXX-XXX-1145,15-Aug-24,5795,1072,1072-Goods or Services Not Provided / Not Received,5366,15-Aug-24,XUR31083000232
16-Aug-24,NPCI33493002233,30962010002233,652850-XXX-XXX-4654,16-Aug-24,7800,1073,1073-Goods or Services Not Provided / Not Received,5084,16-Aug-24,XUR31083000233
17-Aug-24,NPCI33493002234,30962010002234,652850-XXX-XXX-6622,17-Aug-24,7843,1073,1073-Goods or Services Not Provided / Not Received,5768,17-Aug-24,XUR31083000234
18-Aug-24,NPCI33493002235,30962010002235,652850-XXX-XXX-0572,18-Aug-24,9809,1068,1068-Goods or Services Not Provided / Not Received,5356,18-Aug-24,XUR31083000235
19-Aug-24,NPCI33493002236,30962010002236,652850-XXX-XXX-5956,19-Aug-24,5640,1069,1069-Goods or Services Not Provided / Not Received,5668,19-Aug-24,XUR31083000236
20-Aug-24,NPCI33493002237,30962010002237,652850-XXX-XXX-4601,20-Aug-24,7241,1068,1068-Goods or Services Not Provided / Not Received,5368,20-Aug-24,XUR31083000237
21-Aug-24,NPCI33493002238,30962010002238,652850-XXX-XXX-1130,21-Aug-24,6300,1073,1073-Goods or Services Not Provided / Not Received,4988,21-Aug-24,XUR31083000238
22-Aug-24,NPCI33493002239,30962010002239,652850-XXX-XXX-0004,22-Aug-24,9575,1068,1068-Goods or Services Not Provided / Not Received,4974,22-Aug-24,XUR31083000239
23-Aug-24,NPCI33493002240,30962010002240,652850-XXX-XXX-2193,23-Aug-24,5425,1067,1067-Goods or Services Not Provided / Not Received,5400,23-Aug-24,XUR31083000240
24-Aug-24,NPCI33493002241,30962010002241,652850-XXX-XXX-2862,24-Aug-24,9693,1070,1070-Goods or Services Not Provided / Not Received,4999,24-Aug-24,XUR31083000241
25-Aug-24,NPCI33493002242,30962010002242,652850-XXX-XXX-2122,25-Aug-24,7562,1072,1072-Goods or Services Not Provided / Not Received,5164,25-Aug-24,XUR31083000242
26-Aug-24,NPCI33493002243,30962010002243,652850-XXX-XXX-0090,26-Aug-24,8238,1065,1065-Goods or Services Not Provided / Not Received,5177,26-Aug-24,XUR31083000243
27-Aug-24,NPCI33493002244,30962010002244,652850-XXX-XXX-3513,27-Aug-24,9313,1068,1068-Goods or Services Not Provided / Not Received,5635,27-Aug-24,XUR31083000244
28-Aug-24,NPCI33493002245,30962010002245,652850-XXX-XXX-0653,28-Aug-24,6116,1067,1067-Goods or Services Not Provided / Not Received,5231,28-Aug-24,XUR31083000245
29-Aug-24,NPCI33493002246,30962010002246,652850-XXX-XXX-2821,29-Aug-24,6464,1069,1069-Goods or Services Not Provided / Not Received,4992,29-Aug-24,XUR31083000246
30-Aug-24,NPCI33493002247,30962010002247,652850-XXX-XXX-2302,30-Aug-24,5701,1066,1066-Goods or Services Not Provided / Not Received,5534,30-Aug-24,XUR31083000247
31-Aug-24,NPCI33493002248,30962010002248,652850-XXX-XXX-4597,31-Aug-24,9308,1075,1075-Goods or Services Not Provided / Not Received,5269,31-Aug-24,XUR31083000248
01-Sep-24,NPCI33493002249,30962010002249,652850-XXX-XXX-5398,01-Sep-24,8359,1074,1074-Goods or Services Not Provided / Not Received,5144,01-Sep-24,XUR31083000249
02-Sep-24,NPCI33493002250,30962010002250,652850-XXX-XXX-0051,02-Sep-24,7143,1071,1071-Goods or Services Not Provided / Not Received,5095,02-Sep-24,XUR31083000250
03-Sep-24,NPCI33493002251,30962010002251,652850-XXX-XXX-7409,03-Sep-24,9757,1073,1073-Goods or Services Not Provided / Not Received,4980,03-Sep-24,XUR31083000251
04-Sep-24,NPCI33493002252,30962010002252,652850-XXX-XXX-0844,04-Sep-24,9140,1066,1066-Goods or Services Not Provided / Not Received,5147,04-Sep-24,XUR31083000252
05-Sep-24,NPCI33493002253,30962010002253,652850-XXX-XXX-9579,05-Sep-24,9710,1073,1073-Goods or Services Not Provided / Not Received,5730,05-Sep-24,XUR31083000253
06-Sep-24,NPCI33493002254,30962010002254,652850-XXX-XXX-6606,06-Sep-24,8703,1066,1066-Goods or Services Not Provided / Not Received,5377,06-Sep-24,XUR31083000254
07-Sep-24,NPCI33493002255,30962010002255,652850-XXX-XXX-2308,07-Sep-24,8860,1065,1065-Goods or Services Not Provided / Not Received,5042,07-Sep-24,XUR31083000255
08-Sep-24,NPCI33493002256,30962010002256,652850-XXX-XXX-7929,08-Sep-24,9710,1073,1073-Goods or Services Not Provided / Not Received,5073,08-Sep-24,XUR31083000256
09-Sep-24,NPCI33493002257,30962010002257,652850-XXX-XXX-8828,09-Sep-24,9050,1076,1076-Goods or Services Not Provided / Not Received,5662,09-Sep-24,XUR31083000257
10-Sep-24,NPCI33493002258,30962010002258,652850-XXX-XXX-9438,10-Sep-24,5652,1071,1071-Goods or Services Not Provided / Not Received,5315,10-Sep-24,XUR31083000258
11-Sep-24,NPCI33493002259,30962010002259,652850-XXX-XXX-4134,11-Sep-24,8599,1072,1072-Goods or Services Not Provided / Not Received,5141,11-Sep-24,XUR31083000259
12-Sep-24,NPCI33493002260,30962010002260,652850-XXX-XXX-5826,12-Sep-24,8542,1076,1076-Goods or Services Not Provided / Not Received,5560,12-Sep-24,XUR31083000260
13-Sep-24,NPCI33493002261,30962010002261,652850-XXX-XXX-4889,13-Sep-24,5230,1068,1068-Goods or Services Not Provided / Not Received,5669,13-Sep-24,XUR31083000261
14-Sep-24,NPCI33493002262,30962010002262,652850-XXX-XXX-5819,14-Sep-24,8061,1071,1071-Goods or Services Not Provided / Not Received,4984,14-Sep-24,XUR31083000262
15-Sep-24,NPCI33493002263,30962010002263,652850-XXX-XXX-1225,15-Sep-24,7166,1073,1073-Goods or Services Not Provided / Not Received,5090,15-Sep-24,XUR31083000263
16-Sep-24,NPCI33493002264,30962010002264,652850-XXX-XXX-5313,16-Sep-24,7777,1076,1076-Goods or Services Not Provided / Not Received,5263,16-Sep-24,XUR31083000264
17-Sep-24,NPCI33493002265,30962010002265,652850-XXX-XXX-6962,17-Sep-24,8134,1068,1068-Goods or Services Not Provided / Not Received,5049,17-Sep-24,XUR31083000265
18-Sep-24,NPCI33493002266,30962010002266,652850-XXX-XXX-2494,18-Sep-24,9881,1074,1074-Goods or Services Not Provided / Not Received,5747,18-Sep-24,XUR31083000266
19-Sep-24,NPCI33493002267,30962010002267,652850-XXX-XXX-6813,19-Sep-24,7255,1066,1066-Goods or Services Not Provided / Not Received,5613,19-Sep-24,XUR31083000267
20-Sep-24,NPCI33493002268,30962010002268,652850-XXX-XXX-6206,20-Sep-24,7471,1065,1065-Goods or Services Not Provided / Not Received,5134,20-Sep-24,XUR31083000268
21-Sep-24,NPCI33493002269,30962010002269,652850-XXX-XXX-1449,21-Sep-24,7865,1070,1070-Goods or Services Not Provided / Not Received,4998,21-Sep-24,XUR31083000269
22-Sep-24,NPCI33493002270,30962010002270,652850-XXX-XXX-7455,22-Sep-24,5426,1069,1069-Goods or Services Not Provided / Not Received,5585,22-Sep-24,XUR31083000270
23-Sep-24,NPCI33493002271,30962010002271,652850-XXX-XXX-4835,23-Sep-24,6500,1074,1074-Goods or Services Not Provided / Not Received,5507,23-Sep-24,XUR31083000271
24-Sep-24,NPCI33493002272,30962010002272,652850-XXX-XXX-4322,24-Sep-24,8471,1065,1065-Goods or Services Not Provided / Not Received,5341,24-Sep-24,XUR31083000272
25-Sep-24,NPCI33493002273,30962010002273,652850-XXX-XXX-0845,25-Sep-24,6751,1066,1066-Goods or Services Not Provided / Not Received,5254,25-Sep-24,XUR31083000273
26-Sep-24,NPCI33493002274,30962010002274,652850-XXX-XXX-8104,26-Sep-24,5902,1076,1076-Goods or Services Not Provided / Not Received,5122,26-Sep-24,XUR31083000274
27-Sep-24,NPCI33493002275,30962010002275,652850-XXX-XXX-9466,27-Sep-24,6381,1071,1071-Goods or Services Not Provided / Not Received,5032,27-Sep-24,XUR31083000275
28-Sep-24,NPCI33493002276,30962010002276,652850-XXX-XXX-2853,28-Sep-24,5032,1074,1074-Goods or Services Not Provided / Not Received,5572,28-Sep-24,XUR31083000276
29-Sep-24,NPCI33493002277,30962010002277,652850-XXX-XXX-1183,29-Sep-24,8916,1073,1073-Goods or Services Not Provided / Not Received,5228,29-Sep-24,XUR31083000277
30-Sep-24,NPCI33493002278,30962010002278,652850-XXX-XXX-3039,30-Sep-24,9787,1076,1076-Goods or Services Not Provided / Not Received,5464,30-Sep-24,XUR31083000278
01-Oct-24,NPCI33493002279,30962010002279,652850-XXX-XXX-4868,01-Oct-24,9535,1076,1076-Goods or Services Not Provided / Not Received,5252,01-Oct-24,XUR31083000279
02-Oct-24,NPCI33493002280,30962010002280,652850-XXX-XXX-6143,02-Oct-24,6204,1075,1075-Goods or Services Not Provided / Not Received,5690,02-Oct-24,XUR31083000280
03-Oct-24,NPCI33493002281,30962010002281,652850-XXX-XXX-6561,03-Oct-24,9969,1074,1074-Goods or Services Not Provided / Not Received,5329,03-Oct-24,XUR31083000281
04-Oct-24,NPCI33493002282,30962010002282,652850-XXX-XXX-9166,04-Oct-24,7115,1072,1072-Goods or Services Not Provided / Not Received,5030,04-Oct-24,XUR31083000282
05-Oct-24,NPCI33493002283,30962010002283,652850-XXX-XXX-0337,05-Oct-24,8355,1075,1075-Goods or Services Not Provided / Not Received,5397,05-Oct-24,XUR31083000283
06-Oct-24,NPCI33493002284,30962010002284,652850-XXX-XXX-6777,06-Oct-24,6287,1071,1071-Goods or Services Not Provided / Not Received,5412,06-Oct-24,XUR31083000284
07-Oct-24,NPCI33493002285,30962010002285,652850-XXX-XXX-2225,07-Oct-24,7168,1071,1071-Goods or Services Not Provided / Not Received,5620,07-Oct-24,XUR31083000285
08-Oct-24,NPCI33493002286,30962010002286,652850-XXX-XXX-7902,08-Oct-24,9416,1071,1071-Goods or Services Not Provided / Not Received,5557,08-Oct-24,XUR31083000286
09-Oct-24,NPCI33493002287,30962010002287,652850-XXX-XXX-7537,09-Oct-24,6521,1076,1076-Goods or Services Not Provided / Not Received,5401,09-Oct-24,XUR31083000287
10-Oct-24,NPCI33493002288,30962010002288,652850-XXX-XXX-7804,10-Oct-24,8669,1075,1075-Goods or Services Not Provided / Not Received,5457,10-Oct-24,XUR31083000288
11-Oct-24,NPCI33493002289,30962010002289,652850-XXX-XXX-1057,11-Oct-24,5085,1068,1068-Goods or Services Not Provided / Not Received,5032,11-Oct-24,XUR31083000289
12-Oct-24,NPCI33493002290,30962010002290,652850-XXX-XXX-2918,12-Oct-24,9767,1071,1071-Goods or Services Not Provided / Not Received,5025,12-Oct-24,XUR31083000290
13-Oct-24,NPCI33493002291,30962010002291,652850-XXX-XXX-1173,13-Oct-24,6158,1066,1066-Goods or Services Not Provided / Not Received,5352,13-Oct-24,XUR31083000291
14-Oct-24,NPCI33493002292,30962010002292,652850-XXX-XXX-4592,14-Oct-24,8505,1067,1067-Goods or Services Not Provided / Not Received,5680,14-Oct-24,XUR31083000292
15-Oct-24,NPCI33493002293,30962010002293,652850-XXX-XXX-4034,15-Oct-24,8452,1066,1066-Goods or Services Not Provided / Not Received,5384,15-Oct-24,XUR31083000293
16-Oct-24,NPCI33493002294,30962010002294,652850-XXX-XXX-8816,16-Oct-24,7168,1066,1066-Goods or Services Not Provided / Not Received,5516,16-Oct-24,XUR31083000294
17-Oct-24,NPCI33493002295,30962010002295,652850-XXX-XXX-5374,17-Oct-24,9306,1072,1072-Goods or Services Not Provided / Not Received,5331,17-Oct-24,XUR31083000295
18-Oct-24,NPCI33493002296,30962010002296,652850-XXX-XXX-9021,18-Oct-24,9825,1068,1068-Goods or Services Not Provided / Not Received,5311,18-Oct-24,XUR31083000296
19-Oct-24,NPCI33493002297,30962010002297,652850-XXX-XXX-6739,19-Oct-24,7050,1076,1076-Goods or Services Not Provided / Not Received,5682,19-Oct-24,XUR31083000297
20-Oct-24,NPCI33493002298,30962010002298,652850-XXX-XXX-7683,20-Oct-24,8437,1069,1069-Goods or Services Not Provided / Not Received,5648,20-Oct-24,XUR31083000298
21-Oct-24,NPCI33493002299,30962010002299,652850-XXX-XXX-7083,21-Oct-24,6746,1072,1072-Goods or Services Not Provided / Not Received,5626,21-Oct-24,XUR31083000299
22-Oct-24,NPCI33493002300,30962010002300,652850-XXX-XXX-8685,22-Oct-24,9387,1067,1067-Goods or Services Not Provided / Not Received,5229,22-Oct-24,XUR31083000300
23-Oct-24,NPCI33493002301,30962010002301,652850-XXX-XXX-2453,23-Oct-24,9192,1072,1072-Goods or Services Not Provided / Not Received,5047,23-Oct-24,XUR31083000301
24-Oct-24,NPCI33493002302,30962010002302,652850-XXX-XXX-0041,24-Oct-24,5804,1074,1074-Goods or Services Not Provided / Not Received,5392,24-Oct-24,XUR31083000302
25-Oct-24,NPCI33493002303,30962010002303,652850-XXX-XXX-1502,25-Oct-24,9048,1065,1065-Goods or Services Not Provided / Not Received,5105,25-Oct-24,XUR31083000303
26-Oct-24,NPCI33493002304,30962010002304,652850-XXX-XXX-3863,26-Oct-24,5656,1071,1071-Goods or Services Not Provided / Not Received,5041,26-Oct-24,XUR31083000304
27-Oct-24,NPCI33493002305,30962010002305,652850-XXX-XXX-0425,27-Oct-24,8352,1074,1074-Goods or Services Not Provided / Not Received,5576,27-Oct-24,XUR31083000305
28-Oct-24,NPCI33493002306,30962010002306,652850-XXX-XXX-6378,28-Oct-24,5530,1068,1068-Goods or Services Not Provided / Not Received,5659,28-Oct-24,XUR31083000306
29-Oct-24,NPCI33493002307,30962010002307,652850-XXX-XXX-2567,29-Oct-24,6265,1070,1070-Goods or Services Not Provided / Not Received,5562,29-Oct-24,XUR31083000307
30-Oct-24,NPCI33493002308,30962010002308,652850-XXX-XXX-1236,30-Oct-24,6609,1070,1070-Goods or Services Not Provided / Not Received,5036,30-Oct-24,XUR31083000308
31-Oct-24,NPCI33493002309,30962010002309,652850-XXX-XXX-8847,31-Oct-24,7400,1067,1067-Goods or Services Not Provided / Not Received,5258,31-Oct-24,XUR31083000309
01-Nov-24,NPCI33493002310,30962010002310,652850-XXX-XXX-6782,01-Nov-24,7083,1067,1067-Goods or Services Not Provided / Not Received,5755,01-Nov-24,XUR31083000310
02-Nov-24,NPCI33493002311,30962010002311,652850-XXX-XXX-4646,02-Nov-24,6318,1075,1075-Goods or Services Not Provided / Not Received,5696,02-Nov-24,XUR31083000311
03-Nov-24,NPCI33493002312,30962010002312,652850-XXX-XXX-6221,03-Nov-24,7583,1067,1067-Goods or Services Not Provided / Not Received,5161,03-Nov-24,XUR31083000312
04-Nov-24,NPCI33493002313,30962010002313,652850-XXX-XXX-3783,04-Nov-24,7978,1066,1066-Goods or Services Not Provided / Not Received,5756,04-Nov-24,XUR31083000313
05-Nov-24,NPCI33493002314,30962010002314,652850-XXX-XXX-8205,05-Nov-24,9964,1067,1067-Goods or Services Not Provided / Not Received,5498,05-Nov-24,XUR31083000314
06-Nov-24,NPCI33493002315,30962010002315,652850-XXX-XXX-0013,06-Nov-24,8582,1070,1070-Goods or Services Not Provided / Not Received,5592,06-Nov-24,XUR31083000315
07-Nov-24,NPCI33493002316,30962010002316,652850-XXX-XXX-0250,07-Nov-24,8157,1072,1072-Goods or Services Not Provided / Not Received,5087,07-Nov-24,XUR31083000316
08-Nov-24,NPCI33493002317,30962010002317,652850-XXX-XXX-5523,08-Nov-24,6886,1065,1065-Goods or Services Not Provided / Not Received,5640,08-Nov-24,XUR31083000317
09-Nov-24,NPCI33493002318,30962010002318,652850-XXX-XXX-1650,09-Nov-24,6644,1068,1068-Goods or Services Not Provided / Not Received,5692,09-Nov-24,XUR31083000318
10-Nov-24,NPCI33493002319,30962010002319,652850-XXX-XXX-0219,10-Nov-24,6522,1070,1070-Goods or Services Not Provided / Not Received,5275,10-Nov-24,XUR31083000319
11-Nov-24,NPCI33493002320,30962010002320,652850-XXX-XXX-2804,11-Nov-24,6319,1073,1073-Goods or Services Not Provided / Not Received,5436,11-Nov-24,XUR31083000320
12-Nov-24,NPCI33493002321,30962010002321,652850-XXX-XXX-4483,12-Nov-24,6809,1072,1072-Goods or Services Not Provided / Not Received,5169,12-Nov-24,XUR31083000321
13-Nov-24,NPCI33493002322,30962010002322,652850-XXX-XXX-1570,13-Nov-24,7913,1068,1068-Goods or Services Not Provided / Not Received,5629,13-Nov-24,XUR31083000322
14-Nov-24,NPCI33493002323,30962010002323,652850-XXX-XXX-0592,14-Nov-24,6415,1073,1073-Goods or Services Not Provided / Not Received,5249,14-Nov-24,XUR31083000323
15-Nov-24,NPCI33493002324,30962010002324,652850-XXX-XXX-9426,15-Nov-24,7518,1075,1075-Goods or Services Not Provided / Not Received,5755,15-Nov-24,XUR31083000324
16-Nov-24,NPCI33493002325,30962010002325,652850-XXX-XXX-8071,16-Nov-24,5433,1068,1068-Goods or Services Not Provided / Not Received,5282,16-Nov-24,XUR31083000325
17-Nov-24,NPCI33493002326,30962010002326,652850-XXX-XXX-5833,17-Nov-24,6053,1074,1074-Goods or Services Not Provided / Not Received,5114,17-Nov-24,XUR31083000326
18-Nov-24,NPCI33493002327,30962010002327,652850-XXX-XXX-5662,18-Nov-24,5734,1075,1075-Goods or Services Not Provided / Not Received,5723,18-Nov-24,XUR31083000327
19-Nov-24,NPCI33493002328,30962010002328,652850-XXX-XXX-0750,19-Nov-24,7989,1065,1065-Goods or Services Not Provided / Not Received,5430,19-Nov-24,XUR31083000328
20-Nov-24,NPCI33493002329,30962010002329,652850-XXX-XXX-7056,20-Nov-24,6977,1069,1069-Goods or Services Not Provided / Not Received,5708,20-Nov-24,XUR31083000329
21-Nov-24,NPCI33493002330,30962010002330,652850-XXX-XXX-6253,21-Nov-24,7416,1071,1071-Goods or Services Not Provided / Not Received,5776,21-Nov-24,XUR31083000330
22-Nov-24,NPCI33493002331,30962010002331,652850-XXX-XXX-1398,22-Nov-24,9677,1067,1067-Goods or Services Not Provided / Not Received,5732,22-Nov-24,XUR31083000331
23-Nov-24,NPCI33493002332,30962010002332,652850-XXX-XXX-0048,23-Nov-24,7649,1076,1076-Goods or Services Not Provided / Not Received,5188,23-Nov-24,XUR31083000332
24-Nov-24,NPCI33493002333,30962010002333,652850-XXX-XXX-9261,24-Nov-24,8491,1075,1075-Goods or Services Not Provided / Not Received,5419,24-Nov-24,XUR31083000333
25-Nov-24,NPCI33493002334,30962010002334,652850-XXX-XXX-3143,25-Nov-24,6906,1068,1068-Goods or Services Not Provided / Not Received,5670,25-Nov-24,XUR31083000334
26-Nov-24,NPCI33493002335,30962010002335,652850-XXX-XXX-0118,26-Nov-24,6876,1068,1068-Goods or Services Not Provided / Not Received,5499,26-Nov-24,XUR31083000335
27-Nov-24,NPCI33493002336,30962010002336,652850-XXX-XXX-8305,27-Nov-24,6107,1066,1066-Goods or Services Not Provided / Not Received,4999,27-Nov-24,XUR31083000336
28-Nov-24,NPCI33493002337,30962010002337,652850-XXX-XXX-9889,28-Nov-24,9280,1067,1067-Goods or Services Not Provided / Not Received,5732,28-Nov-24,XUR31083000337
29-Nov-24,NPCI33493002338,30962010002338,652850-XXX-XXX-1264,29-Nov-24,8089,1073,1073-Goods or Services Not Provided / Not Received,5335,29-Nov-24,XUR31083000338
30-Nov-24,NPCI33493002339,30962010002339,652850-XXX-XXX-3089,30-Nov-24,6422,1069,1069-Goods or Services Not Provided / Not Received,5490,30-Nov-24,XUR31083000339
01-Dec-24,NPCI33493002340,30962010002340,652850-XXX-XXX-3065,01-Dec-24,9884,1069,1069-Goods or Services Not Provided / Not Received,5578,01-Dec-24,XUR31083000340
02-Dec-24,NPCI33493002341,30962010002341,652850-XXX-XXX-4586,02-Dec-24,8009,1065,1065-Goods or Services Not Provided / Not Received,5539,02-Dec-24,XUR31083000341
03-Dec-24,NPCI33493002342,30962010002342,652850-XXX-XXX-6193,03-Dec-24,7007,1071,1071-Goods or Services Not Provided / Not Received,5493,03-Dec-24,XUR31083000342
04-Dec-24,NPCI33493002343,30962010002343,652850-XXX-XXX-2933,04-Dec-24,9770,1074,1074-Goods or Services Not Provided / Not Received,5167,04-Dec-24,XUR31083000343
05-Dec-24,NPCI33493002344,30962010002344,652850-XXX-XXX-9296,05-Dec-24,5810,1076,1076-Goods or Services Not Provided / Not Received,5707,05-Dec-24,XUR31083000344
06-Dec-24,NPCI33493002345,30962010002345,652850-XXX-XXX-8283,06-Dec-24,6845,1071,1071-Goods or Services Not Provided / Not Received,5622,06-Dec-24,XUR31083000345
07-Dec-24,NPCI33493002346,30962010002346,652850-XXX-XXX-1025,07-Dec-24,6221,1074,1074-Goods or Services Not Provided / Not Received,5010,07-Dec-24,XUR31083000346
08-Dec-24,NPCI33493002347,30962010002347,652850-XXX-XXX-2837,08-Dec-24,5157,1073,1073-Goods or Services Not Provided / Not Received,5354,08-Dec-24,XUR31083000347
09-Dec-24,NPCI33493002348,30962010002348,652850-XXX-XXX-3184,09-Dec-24,6188,1066,1066-Goods or Services Not Provided / Not Received,5336,09-Dec-24,XUR31083000348
10-Dec-24,NPCI33493002349,30962010002349,652850-XXX-XXX-7474,10-Dec-24,7976,1068,1068-Goods or Services Not Provided / Not Received,5503,10-Dec-24,XUR31083000349
11-Dec-24,NPCI33493002350,30962010002350,652850-XXX-XXX-6266,11-Dec-24,6324,1070,1070-Goods or Services Not Provided / Not Received,5305,11-Dec-24,XUR31083000350
12-Dec-24,NPCI33493002351,30962010002351,652850-XXX-XXX-0961,12-Dec-24,6872,1066,1066-Goods or Services Not Provided / Not Received,5356,12-Dec-24,XUR31083000351
13-Dec-24,NPCI33493002352,30962010002352,652850-XXX-XXX-5008,13-Dec-24,5060,1068,1068-Goods or Services Not Provided / Not Received,5629,13-Dec-24,XUR31083000352
14-Dec-24,NPCI33493002353,30962010002353,652850-XXX-XXX-9170,14-Dec-24,9562,1069,1069-Goods or Services Not Provided / Not Received,5397,14-Dec-24,XUR31083000353
15-Dec-24,NPCI33493002354,30962010002354,652850-XXX-XXX-0867,15-Dec-24,6933,1073,1073-Goods or Services Not Provided / Not Received,5288,15-Dec-24,XUR31083000354
16-Dec-24,NPCI33493002355,30962010002355,652850-XXX-XXX-4264,16-Dec-24,9416,1073,1073-Goods or Services Not Provided / Not Received,5176,16-Dec-24,XUR31083000355
17-Dec-24,NPCI33493002356,30962010002356,652850-XXX-XXX-3161,17-Dec-24,7121,1075,1075-Goods or Services Not Provided / Not Received,5148,17-Dec-24,XUR31083000356
18-Dec-24,NPCI33493002357,30962010002357,652850-XXX-XXX-0601,18-Dec-24,7313,1071,1071-Goods or Services Not Provided / Not Received,5198,18-Dec-24,XUR31083000357
19-Dec-24,NPCI33493002358,30962010002358,652850-XXX-XXX-3558,19-Dec-24,6966,1066,1066-Goods or Services Not Provided / Not Received,5083,19-Dec-24,XUR31083000358
20-Dec-24,NPCI33493002359,30962010002359,652850-XXX-XXX-6588,20-Dec-24,6032,1070,1070-Goods or Services Not Provided / Not Received,5669,20-Dec-24,XUR31083000359
21-Dec-24,NPCI33493002360,30962010002360,652850-XXX-XXX-9044,21-Dec-24,6996,1074,1074-Goods or Services Not Provided / Not Received,5659,21-Dec-24,XUR31083000360
22-Dec-24,NPCI33493002361,30962010002361,652850-XXX-XXX-5417,22-Dec-24,9342,1070,1070-Goods or Services Not Provided / Not Received,5137,22-Dec-24,XUR31083000361
23-Dec-24,NPCI33493002362,30962010002362,652850-XXX-XXX-9099,23-Dec-24,7475,1066,1066-Goods or Services Not Provided / Not Received,5035,23-Dec-24,XUR31083000362
24-Dec-24,NPCI33493002363,30962010002363,652850-XXX-XXX-8892,24-Dec-24,6830,1067,1067-Goods or Services Not Provided / Not Received,5333,24-Dec-24,XUR31083000363
25-Dec-24,NPCI33493002364,30962010002364,652850-XXX-XXX-5640,25-Dec-24,7800,1074,1074-Goods or Services Not Provided / Not Received,5521,25-Dec-24,XUR31083000364
26-Dec-24,NPCI33493002365,30962010002365,652850-XXX-XXX-7010,26-Dec-24,9544,1066,1066-Goods or Services Not Provided / Not Received,5617,26-Dec-24,XUR31083000365
27-Dec-24,NPCI33493002366,30962010002366,652850-XXX-XXX-2874,27-Dec-24,9039,1066,1066-Goods or Services Not Provided / Not Received,5135,27-Dec-24,XUR31083000366
28-Dec-24,NPCI33493002367,30962010002367,652850-XXX-XXX-9962,28-Dec-24,5441,1072,1072-Goods or Services Not Provided / Not Received,5243,28-Dec-24,XUR31083000367
29-Dec-24,NPCI33493002368,30962010002368,652850-XXX-XXX-9712,29-Dec-24,8491,1065,1065-Goods or Services Not Provided / Not Received,5504,29-Dec-24,XUR31083000368
30-Dec-24,NPCI33493002369,30962010002369,652850-XXX-XXX-0981,30-Dec-24,5380,1068,1068-Goods or Services Not Provided / Not Received,5371,30-Dec-24,XUR31083000369
31-Dec-24,NPCI33493002370,30962010002370,652850-XXX-XXX-2044,31-Dec-24,6404,1071,1071-Goods or Services Not Provided / Not Received,5097,31-Dec-24,XUR31083000370
01-Jan-25,NPCI33493002371,30962010002371,652850-XXX-XXX-0134,01-Jan-25,5390,1068,1068-Goods or Services Not Provided / Not Received,5412,01-Jan-25,XUR31083000371
02-Jan-25,NPCI33493002372,30962010002372,652850-XXX-XXX-0466,02-Jan-25,7966,1066,1066-Goods or Services Not Provided / Not Received,5186,02-Jan-25,XUR31083000372
03-Jan-25,NPCI33493002373,30962010002373,652850-XXX-XXX-7331,03-Jan-25,6347,1069,1069-Goods or Services Not Provided / Not Received,5511,03-Jan-25,XUR31083000373
04-Jan-25,NPCI33493002374,30962010002374,652850-XXX-XXX-3337,04-Jan-25,7886,1067,1067-Goods or Services Not Provided / Not Received,5188,04-Jan-25,XUR31083000374
05-Jan-25,NPCI33493002375,30962010002375,652850-XXX-XXX-1009,05-Jan-25,8663,1074,1074-Goods or Services Not Provided / Not Received,5601,05-Jan-25,XUR31083000375
06-Jan-25,NPCI33493002376,30962010002376,652850-XXX-XXX-3384,06-Jan-25,6726,1066,1066-Goods or Services Not Provided / Not Received,5595,06-Jan-25,XUR31083000376
07-Jan-25,NPCI33493002377,30962010002377,652850-XXX-XXX-1051,07-Jan-25,5672,1076,1076-Goods or Services Not Provided / Not Received,5518,07-Jan-25,XUR31083000377
08-Jan-25,NPCI33493002378,30962010002378,652850-XXX-XXX-1866,08-Jan-25,9746,1065,1065-Goods or Services Not Provided / Not Received,5719,08-Jan-25,XUR31083000378
09-Jan-25,NPCI33493002379,30962010002379,652850-XXX-XXX-3386,09-Jan-25,9191,1065,1065-Goods or Services Not Provided / Not Received,5002,09-Jan-25,XUR31083000379
10-Jan-25,NPCI33493002380,30962010002380,652850-XXX-XXX-3322,10-Jan-25,8186,1073,1073-Goods or Services Not Provided / Not Received,5597,10-Jan-25,XUR31083000380
11-Jan-25,NPCI33493002381,30962010002381,652850-XXX-XXX-3022,11-Jan-25,9423,1068,1068-Goods or Services Not Provided / Not Received,5632,11-Jan-25,XUR31083000381
12-Jan-25,NPCI33493002382,30962010002382,652850-XXX-XXX-2743,12-Jan-25,9090,1073,1073-Goods or Services Not Provided / Not Received,5612,12-Jan-25,XUR31083000382
13-Jan-25,NPCI33493002383,30962010002383,652850-XXX-XXX-0355,13-Jan-25,6857,1066,1066-Goods or Services Not Provided / Not Received,5355,13-Jan-25,XUR31083000383
14-Jan-25,NPCI33493002384,30962010002384,652850-XXX-XXX-7264,14-Jan-25,5114,1072,1072-Goods or Services Not Provided / Not Received,5153,14-Jan-25,XUR31083000384
15-Jan-25,NPCI33493002385,30962010002385,652850-XXX-XXX-9388,15-Jan-25,8870,1075,1075-Goods or Services Not Provided / Not Received,4979,15-Jan-25,XUR31083000385
16-Jan-25,NPCI33493002386,30962010002386,652850-XXX-XXX-0201,16-Jan-25,7955,1066,1066-Goods or Services Not Provided / Not Received,5722,16-Jan-25,XUR31083000386
17-Jan-25,NPCI33493002387,30962010002387,652850-XXX-XXX-8524,17-Jan-25,9166,1065,1065-Goods or Services Not Provided / Not Received,5574,17-Jan-25,XUR31083000387
18-Jan-25,NPCI33493002388,30962010002388,652850-XXX-XXX-3492,18-Jan-25,5923,1067,1067-Goods or Services Not Provided / Not Received,5104,18-Jan-25,XUR31083000388
19-Jan-25,NPCI33493002389,30962010002389,652850-XXX-XXX-7607,19-Jan-25,6226,1066,1066-Goods or Services Not Provided / Not Received,5545,19-Jan-25,XUR31083000389
20-Jan-25,NPCI33493002390,30962010002390,652850-XXX-XXX-1208,20-Jan-25,8746,1067,1067-Goods or Services Not Provided / Not Received,5442,20-Jan-25,XUR31083000390
21-Jan-25,NPCI33493002391,30962010002391,652850-XXX-XXX-3445,21-Jan-25,7267,1074,1074-Goods or Services Not Provided / Not Received,5234,21-Jan-25,XUR31083000391
22-Jan-25,NPCI33493002392,30962010002392,652850-XXX-XXX-7725,22-Jan-25,9505,1067,1067-Goods or Services Not Provided / Not Received,5107,22-Jan-25,XUR31083000392
23-Jan-25,NPCI33493002393,30962010002393,652850-XXX-XXX-3503,23-Jan-25,7051,1071,1071-Goods or Services Not Provided / Not Received,5581,23-Jan-25,XUR31083000393
24-Jan-25,NPCI33493002394,30962010002394,652850-XXX-XXX-0109,24-Jan-25,8333,1066,1066-Goods or Services Not Provided / Not Received,5284,24-Jan-25,XUR31083000394
25-Jan-25,NPCI33493002395,30962010002395,652850-XXX-XXX-6752,25-Jan-25,5092,1071,1071-Goods or Services Not Provided / Not Received,5353,25-Jan-25,XUR31083000395
26-Jan-25,NPCI33493002396,30962010002396,652850-XXX-XXX-9173,26-Jan-25,5022,1069,1069-Goods or Services Not Provided / Not Received,4976,26-Jan-25,XUR31083000396
27-Jan-25,NPCI33493002397,30962010002397,652850-XXX-XXX-1364,27-Jan-25,5545,1073,1073-Goods or Services Not Provided / Not Received,5345,27-Jan-25,XUR31083000397
28-Jan-25,NPCI33493002398,30962010002398,652850-XXX-XXX-0529,28-Jan-25,9124,1065,1065-Goods or Services Not Provided / Not Received,5217,28-Jan-25,XUR31083000398
29-Jan-25,NPCI33493002399,30962010002399,652850-XXX-XXX-8283,29-Jan-25,6191,1076,1076-Goods or Services Not Provided / Not Received,5009,29-Jan-25,XUR31083000399
30-Jan-25,NPCI33493002400,30962010002400,652850-XXX-XXX-8050,30-Jan-25,7570,1069,1069-Goods or Services Not Provided / Not Received,5339,30-Jan-25,XUR31083000400
31-Jan-25,NPCI33493002401,30962010002401,652850-XXX-XXX-2295,31-Jan-25,7223,1070,1070-Goods or Services Not Provided / Not Received,5248,31-Jan-25,XUR31083000401
01-Feb-25,NPCI33493002402,30962010002402,652850-XXX-XXX-1819,01-Feb-25,6035,1072,1072-Goods or Services Not Provided / Not Received,5090,01-Feb-25,XUR31083000402
02-Feb-25,NPCI33493002403,30962010002403,652850-XXX-XXX-5385,02-Feb-25,7668,1073,1073-Goods or Services Not Provided / Not Received,4966,02-Feb-25,XUR31083000403
03-Feb-25,NPCI33493002404,30962010002404,652850-XXX-XXX-2975,03-Feb-25,7364,1071,1071-Goods or Services Not Provided / Not Received,5501,03-Feb-25,XUR31083000404
04-Feb-25,NPCI33493002405,30962010002405,652850-XXX-XXX-3735,04-Feb-25,8142,1068,1068-Goods or Services Not Provided / Not Received,5729,04-Feb-25,XUR31083000405
05-Feb-25,NPCI33493002406,30962010002406,652850-XXX-XXX-3653,05-Feb-25,7742,1072,1072-Goods or Services Not Provided / Not Received,5483,05-Feb-25,XUR31083000406
06-Feb-25,NPCI33493002407,30962010002407,652850-XXX-XXX-4473,06-Feb-25,7455,1070,1070-Goods or Services Not Provided / Not Received,5621,06-Feb-25,XUR31083000407
07-Feb-25,NPCI33493002408,30962010002408,652850-XXX-XXX-6212,07-Feb-25,5087,1075,1075-Goods or Services Not Provided / Not Received,5614,07-Feb-25,XUR31083000408
08-Feb-25,NPCI33493002409,30962010002409,652850-XXX-XXX-1655,08-Feb-25,8824,1070,1070-Goods or Services Not Provided / Not Received,5025,08-Feb-25,XUR31083000409
09-Feb-25,NPCI33493002410,30962010002410,652850-XXX-XXX-6918,09-Feb-25,6903,1069,1069-Goods or Services Not Provided / Not Received,5552,09-Feb-25,XUR31083000410
10-Feb-25,NPCI33493002411,30962010002411,652850-XXX-XXX-0508,10-Feb-25,8796,1069,1069-Goods or Services Not Provided / Not Received,5085,10-Feb-25,XUR31083000411
11-Feb-25,NPCI33493002412,30962010002412,652850-XXX-XXX-5800,11-Feb-25,6821,1076,1076-Goods or Services Not Provided / Not Received,5163,11-Feb-25,XUR31083000412
12-Feb-25,NPCI33493002413,30962010002413,652850-XXX-XXX-6630,12-Feb-25,5694,1067,1067-Goods or Services Not Provided / Not Received,4996,12-Feb-25,XUR31083000413
13-Feb-25,NPCI33493002414,30962010002414,652850-XXX-XXX-4456,13-Feb-25,7584,1076,1076-Goods or Services Not Provided / Not Received,5222,13-Feb-25,XUR31083000414
14-Feb-25,NPCI33493002415,30962010002415,652850-XXX-XXX-3186,14-Feb-25,9180,1066,1066-Goods or Services Not Provided / Not Received,5085,14-Feb-25,XUR31083000415
15-Feb-25,NPCI33493002416,30962010002416,652850-XXX-XXX-5702,15-Feb-25,7251,1072,1072-Goods or Services Not Provided / Not Received,5072,15-Feb-25,XUR31083000416
16-Feb-25,NPCI33493002417,30962010002417,652850-XXX-XXX-8900,16-Feb-25,8765,1065,1065-Goods or Services Not Provided / Not Received,4976,16-Feb-25,XUR31083000417
17-Feb-25,NPCI33493002418,30962010002418,652850-XXX-XXX-9987,17-Feb-25,5571,1068,1068-Goods or Services Not Provided / Not Received,5105,17-Feb-25,XUR31083000418
18-Feb-25,NPCI33493002419,30962010002419,652850-XXX-XXX-7565,18-Feb-25,5344,1073,1073-Goods or Services Not Provided / Not Received,5199,18-Feb-25,XUR31083000419
19-Feb-25,NPCI33493002420,30962010002420,652850-XXX-XXX-9956,19-Feb-25,7675,1068,1068-Goods or Services Not Provided / Not Received,5610,19-Feb-25,XUR31083000420
20-Feb-25,NPCI33493002421,30962010002421,652850-XXX-XXX-9090,20-Feb-25,6260,1070,1070-Goods or Services Not Provided / Not Received,5382,20-Feb-25,XUR31083000421
21-Feb-25,NPCI33493002422,30962010002422,652850-XXX-XXX-7631,21-Feb-25,8791,1076,1076-Goods or Services Not Provided / Not Received,5556,21-Feb-25,XUR31083000422
22-Feb-25,NPCI33493002423,30962010002423,652850-XXX-XXX-2076,22-Feb-25,7661,1075,1075-Goods or Services Not Provided / Not Received,5133,22-Feb-25,XUR31083000423
23-Feb-25,NPCI33493002424,30962010002424,652850-XXX-XXX-3820,23-Feb-25,8412,1066,1066-Goods or Services Not Provided / Not Received,5069,23-Feb-25,XUR31083000424
24-Feb-25,NPCI33493002425,30962010002425,652850-XXX-XXX-0562,24-Feb-25,5103,1073,1073-Goods or Services Not Provided / Not Received,5503,24-Feb-25,XUR31083000425
25-Feb-25,NPCI33493002426,30962010002426,652850-XXX-XXX-4084,25-Feb-25,6500,1066,1066-Goods or Services Not Provided / Not Received,5231,25-Feb-25,XUR31083000426
26-Feb-25,NPCI33493002427,30962010002427,652850-XXX-XXX-7247,26-Feb-25,5357,1072,1072-Goods or Services Not Provided / Not Received,5647,26-Feb-25,XUR31083000427
27-Feb-25,NPCI33493002428,30962010002428,652850-XXX-XXX-0773,27-Feb-25,6871,1072,1072-Goods or Services Not Provided / Not Received,5170,27-Feb-25,XUR31083000428
28-Feb-25,NPCI33493002429,30962010002429,652850-XXX-XXX-0962,28-Feb-25,5061,1073,1073-Goods or Services Not Provided / Not Received,5496,28-Feb-25,XUR31083000429
01-Mar-25,NPCI33493002430,30962010002430,652850-XXX-XXX-6045,01-Mar-25,7248,1076,1076-Goods or Services Not Provided / Not Received,5731,01-Mar-25,XUR31083000430
02-Mar-25,NPCI33493002431,30962010002431,652850-XXX-XXX-1929,02-Mar-25,9464,1076,1076-Goods or Services Not Provided / Not Received,5178,02-Mar-25,XUR31083000431
03-Mar-25,NPCI33493002432,30962010002432,652850-XXX-XXX-1002,03-Mar-25,6935,1065,1065-Goods or Services Not Provided / Not Received,5625,03-Mar-25,XUR31083000432
04-Mar-25,NPCI33493002433,30962010002433,652850-XXX-XXX-6308,04-Mar-25,8006,1072,1072-Goods or Services Not Provided / Not Received,5632,04-Mar-25,XUR31083000433
05-Mar-25,NPCI33493002434,30962010002434,652850-XXX-XXX-0031,05-Mar-25,9872,1067,1067-Goods or Services Not Provided / Not Received,5761,05-Mar-25,XUR31083000434
06-Mar-25,NPCI33493002435,30962010002435,652850-XXX-XXX-4600,06-Mar-25,9329,1069,1069-Goods or Services Not Provided / Not Received,5529,06-Mar-25,XUR31083000435
07-Mar-25,NPCI33493002436,30962010002436,652850-XXX-XXX-5585,07-Mar-25,7237,1072,1072-Goods or Services Not Provided / Not Received,5191,07-Mar-25,XUR31083000436
08-Mar-25,NPCI33493002437,30962010002437,652850-XXX-XXX-1577,08-Mar-25,9852,1073,1073-Goods or Services Not Provided / Not Received,5034,08-Mar-25,XUR31083000437
09-Mar-25,NPCI33493002438,30962010002438,652850-XXX-XXX-6582,09-Mar-25,5073,1070,1070-Goods or Services Not Provided / Not Received,5004,09-Mar-25,XUR31083000438
10-Mar-25,NPCI33493002439,30962010002439,652850-XXX-XXX-2990,10-Mar-25,9518,1075,1075-Goods or Services Not Provided / Not Received,5587,10-Mar-25,XUR31083000439
11-Mar-25,NPCI33493002440,30962010002440,652850-XXX-XXX-9492,11-Mar-25,9165,1066,1066-Goods or Services Not Provided / Not Received,5251,11-Mar-25,XUR31083000440
12-Mar-25,NPCI33493002441,30962010002441,652850-XXX-XXX-7168,12-Mar-25,8825,1068,1068-Goods or Services Not Provided / Not Received,5323,12-Mar-25,XUR31083000441
13-Mar-25,NPCI33493002442,30962010002442,652850-XXX-XXX-3192,13-Mar-25,6244,1070,1070-Goods or Services Not Provided / Not Received,5470,13-Mar-25,XUR31083000442
14-Mar-25,NPCI33493002443,30962010002443,652850-XXX-XXX-7066,14-Mar-25,7331,1074,1074-Goods or Services Not Provided / Not Received,5022,14-Mar-25,XUR31083000443
15-Mar-25,NPCI33493002444,30962010002444,652850-XXX-XXX-2012,15-Mar-25,7695,1075,1075-Goods or Services Not Provided / Not Received,5352,15-Mar-25,XUR31083000444
16-Mar-25,NPCI33493002445,30962010002445,652850-XXX-XXX-4730,16-Mar-25,9226,1068,1068-Goods or Services Not Provided / Not Received,5342,16-Mar-25,XUR31083000445
17-Mar-25,NPCI33493002446,30962010002446,652850-XXX-XXX-9678,17-Mar-25,8770,1071,1071-Goods or Services Not Provided / Not Received,5211,17-Mar-25,XUR31083000446
18-Mar-25,NPCI33493002447,30962010002447,652850-XXX-XXX-8302,18-Mar-25,5146,1071,1071-Goods or Services Not Provided / Not Received,5205,18-Mar-25,XUR31083000447
19-Mar-25,NPCI33493002448,30962010002448,652850-XXX-XXX-8591,19-Mar-25,9685,1068,1068-Goods or Services Not Provided / Not Received,5721,19-Mar-25,XUR31083000448
20-Mar-25,NPCI33493002449,30962010002449,652850-XXX-XXX-7048,20-Mar-25,6551,1067,1067-Goods or Services Not Provided / Not Received,5447,20-Mar-25,XUR31083000449
21-Mar-25,NPCI33493002450,30962010002450,652850-XXX-XXX-2289,21-Mar-25,6755,1071,1071-Goods or Services Not Provided / Not Received,5288,21-Mar-25,XUR31083000450
22-Mar-25,NPCI33493002451,30962010002451,652850-XXX-XXX-4122,22-Mar-25,9685,1066,1066-Goods or Services Not Provided / Not Received,4970,22-Mar-25,XUR31083000451
23-Mar-25,NPCI33493002452,30962010002452,652850-XXX-XXX-1976,23-Mar-25,8584,1074,1074-Goods or Services Not Provided / Not Received,5159,23-Mar-25,XUR31083000452
24-Mar-25,NPCI33493002453,30962010002453,652850-XXX-XXX-4218,24-Mar-25,9070,1067,1067-Goods or Services Not Provided / Not Received,5030,24-Mar-25,XUR31083000453
25-Mar-25,NPCI33493002454,30962010002454,652850-XXX-XXX-8282,25-Mar-25,6134,1073,1073-Goods or Services Not Provided / Not Received,5332,25-Mar-25,XUR31083000454
26-Mar-25,NPCI33493002455,30962010002455,652850-XXX-XXX-9550,26-Mar-25,6782,1076,1076-Goods or Services Not Provided / Not Received,5083,26-Mar-25,XUR31083000455
27-Mar-25,NPCI33493002456,30962010002456,652850-XXX-XXX-0062,27-Mar-25,6116,1076,1076-Goods or Services Not Provided / Not Received,5449,27-Mar-25,XUR31083000456
28-Mar-25,NPCI33493002457,30962010002457,652850-XXX-XXX-5041,28-Mar-25,8494,1072,1072-Goods or Services Not Provided / Not Received,5748,28-Mar-25,XUR31083000457
29-Mar-25,NPCI33493002458,30962010002458,652850-XXX-XXX-0192,29-Mar-25,7170,1067,1067-Goods or Services Not Provided / Not Received,5601,29-Mar-25,XUR31083000458
30-Mar-25,NPCI33493002459,30962010002459,652850-XXX-XXX-3836,30-Mar-25,8138,1073,1073-Goods or Services Not Provided / Not Received,5511,30-Mar-25,XUR31083000459
31-Mar-25,NPCI33493002460,30962010002460,652850-XXX-XXX-1259,31-Mar-25,7107,1068,1068-Goods or Services Not Provided / Not Received,5106,31-Mar-25,XUR31083000460
01-Apr-25,NPCI33493002461,30962010002461,652850-XXX-XXX-2701,01-Apr-25,7641,1070,1070-Goods or Services Not Provided / Not Received,5170,01-Apr-25,XUR31083000461
02-Apr-25,NPCI33493002462,30962010002462,652850-XXX-XXX-0509,02-Apr-25,5918,1076,1076-Goods or Services Not Provided / Not Received,5014,02-Apr-25,XUR31083000462
03-Apr-25,NPCI33493002463,30962010002463,652850-XXX-XXX-1683,03-Apr-25,7393,1069,1069-Goods or Services Not Provided / Not Received,5349,03-Apr-25,XUR31083000463
04-Apr-25,NPCI33493002464,30962010002464,652850-XXX-XXX-9174,04-Apr-25,5124,1066,1066-Goods or Services Not Provided / Not Received,5037,04-Apr-25,XUR31083000464
05-Apr-25,NPCI33493002465,30962010002465,652850-XXX-XXX-1022,05-Apr-25,6032,1066,1066-Goods or Services Not Provided / Not Received,5335,05-Apr-25,XUR31083000465
06-Apr-25,NPCI33493002466,30962010002466,652850-XXX-XXX-1320,06-Apr-25,7812,1069,1069-Goods or Services Not Provided / Not Received,5094,06-Apr-25,XUR31083000466
07-Apr-25,NPCI33493002467,30962010002467,652850-XXX-XXX-1955,07-Apr-25,8213,1071,1071-Goods or Services Not Provided / Not Received,5051,07-Apr-25,XUR31083000467
08-Apr-25,NPCI33493002468,30962010002468,652850-XXX-XXX-8424,08-Apr-25,8658,1066,1066-Goods or Services Not Provided / Not Received,5155,08-Apr-25,XUR31083000468
09-Apr-25,NPCI33493002469,30962010002469,652850-XXX-XXX-7734,09-Apr-25,5387,1065,1065-Goods or Services Not Provided / Not Received,4969,09-Apr-25,XUR31083000469
10-Apr-25,NPCI33493002470,30962010002470,652850-XXX-XXX-5371,10-Apr-25,7354,1071,1071-Goods or Services Not Provided / Not Received,5719,10-Apr-25,XUR31083000470
11-Apr-25,NPCI33493002471,30962010002471,652850-XXX-XXX-8271,11-Apr-25,8943,1068,1068-Goods or Services Not Provided / Not Received,5576,11-Apr-25,XUR31083000471
12-Apr-25,NPCI33493002472,30962010002472,652850-XXX-XXX-9673,12-Apr-25,7288,1065,1065-Goods or Services Not Provided / Not Received,5667,12-Apr-25,XUR31083000472
13-Apr-25,NPCI33493002473,30962010002473,652850-XXX-XXX-8261,13-Apr-25,8079,1071,1071-Goods or Services Not Provided / Not Received,5399,13-Apr-25,XUR31083000473
14-Apr-25,NPCI33493002474,30962010002474,652850-XXX-XXX-1022,14-Apr-25,8865,1066,1066-Goods or Services Not Provided / Not Received,5568,14-Apr-25,XUR31083000474
15-Apr-25,NPCI33493002475,30962010002475,652850-XXX-XXX-6165,15-Apr-25,8253,1075,1075-Goods or Services Not Provided / Not Received,5294,15-Apr-25,XUR31083000475
16-Apr-25,NPCI33493002476,30962010002476,652850-XXX-XXX-5763,16-Apr-25,7840,1075,1075-Goods or Services Not Provided / Not Received,5440,16-Apr-25,XUR31083000476
17-Apr-25,NPCI33493002477,30962010002477,652850-XXX-XXX-4651,17-Apr-25,7976,1073,1073-Goods or Services Not Provided / Not Received,5451,17-Apr-25,XUR31083000477
18-Apr-25,NPCI33493002478,30962010002478,652850-XXX-XXX-3144,18-Apr-25,8185,1071,1071-Goods or Services Not Provided / Not Received,5210,18-Apr-25,XUR31083000478
19-Apr-25,NPCI33493002479,30962010002479,652850-XXX-XXX-4710,19-Apr-25,8338,1072,1072-Goods or Services Not Provided / Not Received,5443,19-Apr-25,XUR31083000479
20-Apr-25,NPCI33493002480,30962010002480,652850-XXX-XXX-8861,20-Apr-25,8511,1073,1073-Goods or Services Not Provided / Not Received,5528,20-Apr-25,XUR31083000480
21-Apr-25,NPCI33493002481,30962010002481,652850-XXX-XXX-3096,21-Apr-25,7660,1074,1074-Goods or Services Not Provided / Not Received,5204,21-Apr-25,XUR31083000481
22-Apr-25,NPCI33493002482,30962010002482,652850-XXX-XXX-3332,22-Apr-25,9698,1066,1066-Goods or Services Not Provided / Not Received,5349,22-Apr-25,XUR31083000482
23-Apr-25,NPCI33493002483,30962010002483,652850-XXX-XXX-6516,23-Apr-25,8108,1075,1075-Goods or Services Not Provided / Not Received,5711,23-Apr-25,XUR31083000483
24-Apr-25,NPCI33493002484,30962010002484,652850-XXX-XXX-2193,24-Apr-25,9275,1068,1068-Goods or Services Not Provided / Not Received,5582,24-Apr-25,XUR31083000484
25-Apr-25,NPCI33493002485,30962010002485,652850-XXX-XXX-6606,25-Apr-25,9831,1068,1068-Goods or Services Not Provided / Not Received,5525,25-Apr-25,XUR31083000485
26-Apr-25,NPCI33493002486,30962010002486,652850-XXX-XXX-2329,26-Apr-25,9936,1071,1071-Goods or Services Not Provided / Not Received,5426,26-Apr-25,XUR31083000486
27-Apr-25,NPCI33493002487,30962010002487,652850-XXX-XXX-4862,27-Apr-25,7682,1069,1069-Goods or Services Not Provided / Not Received,5415,27-Apr-25,XUR31083000487
28-Apr-25,NPCI33493002488,30962010002488,652850-XXX-XXX-1062,28-Apr-25,9875,1071,1071-Goods or Services Not Provided / Not Received,5296,28-Apr-25,XUR31083000488
29-Apr-25,NPCI33493002489,30962010002489,652850-XXX-XXX-4332,29-Apr-25,8927,1071,1071-Goods or Services Not Provided / Not Received,5083,29-Apr-25,XUR31083000489
30-Apr-25,NPCI33493002490,30962010002490,652850-XXX-XXX-6240,30-Apr-25,5421,1076,1076-Goods or Services Not Provided / Not Received,5702,30-Apr-25,XUR31083000490
01-May-25,NPCI33493002491,30962010002491,652850-XXX-XXX-6437,01-May-25,6808,1066,1066-Goods or Services Not Provided / Not Received,5334,01-May-25,XUR31083000491
02-May-25,NPCI33493002492,30962010002492,652850-XXX-XXX-0053,02-May-25,8433,1068,1068-Goods or Services Not Provided / Not Received,5533,02-May-25,XUR31083000492
03-May-25,NPCI33493002493,30962010002493,652850-XXX-XXX-6068,03-May-25,8243,1075,1075-Goods or Services Not Provided / Not Received,5006,03-May-25,XUR31083000493
04-May-25,NPCI33493002494,30962010002494,652850-XXX-XXX-0433,04-May-25,8900,1076,1076-Goods or Services Not Provided / Not Received,5345,04-May-25,XUR31083000494
05-May-25,NPCI33493002495,30962010002495,652850-XXX-XXX-7417,05-May-25,9098,1071,1071-Goods or Services Not Provided / Not Received,5755,05-May-25,XUR31083000495
06-May-25,NPCI33493002496,30962010002496,652850-XXX-XXX-5910,06-May-25,7598,1071,1071-Goods or Services Not Provided / Not Received,5123,06-May-25,XUR31083000496
07-May-25,NPCI33493002497,30962010002497,652850-XXX-XXX-1461,07-May-25,8040,1074,1074-Goods or Services Not Provided / Not Received,5467,07-May-25,XUR31083000497
08-May-25,NPCI33493002498,30962010002498,652850-XXX-XXX-8037,08-May-25,5940,1073,1073-Goods or Services Not Provided / Not Received,5070,08-May-25,XUR31083000498
09-May-25,NPCI33493002499,30962010002499,652850-XXX-XXX-8027,09-May-25,8354,1076,1076-Goods or Services Not Provided / Not Received,5440,09-May-25,XUR31083000499
10-May-25,NPCI33493002500,30962010002500,652850-XXX-XXX-7507,10-May-25,9970,1076,1076-Goods or Services Not Provided / Not Received,5389,10-May-25,XUR31083000500
11-May-25,NPCI33493002501,30962010002501,652850-XXX-XXX-5233,11-May-25,6723,1071,1071-Goods or Services Not Provided / Not Received,4994,11-May-25,XUR31083000501
12-May-25,NPCI33493002502,30962010002502,652850-XXX-XXX-9589,12-May-25,8678,1074,1074-Goods or Services Not Provided / Not Received,5261,12-May-25,XUR31083000502
13-May-25,NPCI33493002503,30962010002503,652850-XXX-XXX-0172,13-May-25,6073,1074,1074-Goods or Services Not Provided / Not Received,5168,13-May-25,XUR31083000503
14-May-25,NPCI33493002504,30962010002504,652850-XXX-XXX-8563,14-May-25,5582,1072,1072-Goods or Services Not Provided / Not Received,5541,14-May-25,XUR31083000504
15-May-25,NPCI33493002505,30962010002505,652850-XXX-XXX-9895,15-May-25,5246,1074,1074-Goods or Services Not Provided / Not Received,5141,15-May-25,XUR31083000505
16-May-25,NPCI33493002506,30962010002506,652850-XXX-XXX-2936,16-May-25,7667,1072,1072-Goods or Services Not Provided / Not Received,5359,16-May-25,XUR31083000506
17-May-25,NPCI33493002507,30962010002507,652850-XXX-XXX-2652,17-May-25,6069,1073,1073-Goods or Services Not Provided / Not Received,5456,17-May-25,XUR31083000507
18-May-25,NPCI33493002508,30962010002508,652850-XXX-XXX-7551,18-May-25,8029,1076,1076-Goods or Services Not Provided / Not Received,5062,18-May-25,XUR31083000508
19-May-25,NPCI33493002509,30962010002509,652850-XXX-XXX-6120,19-May-25,6727,1074,1074-Goods or Services Not Provided / Not Received,5702,19-May-25,XUR31083000509
20-May-25,NPCI33493002510,30962010002510,652850-XXX-XXX-8567,20-May-25,6489,1068,1068-Goods or Services Not Provided / Not Received,5087,20-May-25,XUR31083000510
21-May-25,NPCI33493002511,30962010002511,652850-XXX-XXX-7675,21-May-25,8270,1066,1066-Goods or Services Not Provided / Not Received,5769,21-May-25,XUR31083000511
22-May-25,NPCI33493002512,30962010002512,652850-XXX-XXX-4720,22-May-25,8069,1071,1071-Goods or Services Not Provided / Not Received,5370,22-May-25,XUR31083000512
23-May-25,NPCI33493002513,30962010002513,652850-XXX-XXX-6917,23-May-25,5077,1065,1065-Goods or Services Not Provided / Not Received,5660,23-May-25,XUR31083000513
24-May-25,NPCI33493002514,30962010002514,652850-XXX-XXX-0604,24-May-25,6877,1074,1074-Goods or Services Not Provided / Not Received,5716,24-May-25,XUR31083000514
25-May-25,NPCI33493002515,30962010002515,652850-XXX-XXX-5690,25-May-25,8972,1069,1069-Goods or Services Not Provided / Not Received,5319,25-May-25,XUR31083000515
26-May-25,NPCI33493002516,30962010002516,652850-XXX-XXX-3566,26-May-25,9395,1074,1074-Goods or Services Not Provided / Not Received,5372,26-May-25,XUR31083000516
27-May-25,NPCI33493002517,30962010002517,652850-XXX-XXX-7710,27-May-25,8614,1069,1069-Goods or Services Not Provided / Not Received,5545,27-May-25,XUR31083000517
28-May-25,NPCI33493002518,30962010002518,652850-XXX-XXX-0573,28-May-25,5606,1074,1074-Goods or Services Not Provided / Not Received,5380,28-May-25,XUR31083000518
29-May-25,NPCI33493002519,30962010002519,652850-XXX-XXX-6906,29-May-25,9798,1067,1067-Goods or Services Not Provided / Not Received,5722,29-May-25,XUR31083000519
30-May-25,NPCI33493002520,30962010002520,652850-XXX-XXX-8513,30-May-25,6486,1071,1071-Goods or Services Not Provided / Not Received,5054,30-May-25,XUR31083000520
31-May-25,NPCI33493002521,30962010002521,652850-XXX-XXX-5460,31-May-25,5434,1070,1070-Goods or Services Not Provided / Not Received,5765,31-May-25,XUR31083000521
01-Jun-25,NPCI33493002522,30962010002522,652850-XXX-XXX-8485,01-Jun-25,9292,1074,1074-Goods or Services Not Provided / Not Received,5105,01-Jun-25,XUR31083000522
02-Jun-25,NPCI33493002523,30962010002523,652850-XXX-XXX-0234,02-Jun-25,7457,1068,1068-Goods or Services Not Provided / Not Received,5296,02-Jun-25,XUR31083000523
03-Jun-25,NPCI33493002524,30962010002524,652850-XXX-XXX-3235,03-Jun-25,7091,1073,1073-Goods or Services Not Provided / Not Received,5123,03-Jun-25,XUR31083000524
04-Jun-25,NPCI33493002525,30962010002525,652850-XXX-XXX-8295,04-Jun-25,9716,1073,1073-Goods or Services Not Provided / Not Received,5588,04-Jun-25,XUR31083000525
05-Jun-25,NPCI33493002526,30962010002526,652850-XXX-XXX-4858,05-Jun-25,9708,1073,1073-Goods or Services Not Provided / Not Received,5534,05-Jun-25,XUR31083000526
06-Jun-25,NPCI33493002527,30962010002527,652850-XXX-XXX-7964,06-Jun-25,8585,1069,1069-Goods or Services Not Provided / Not Received,5332,06-Jun-25,XUR31083000527
07-Jun-25,NPCI33493002528,30962010002528,652850-XXX-XXX-1563,07-Jun-25,9807,1069,1069-Goods or Services Not Provided / Not Received,5249,07-Jun-25,XUR31083000528
08-Jun-25,NPCI33493002529,30962010002529,652850-XXX-XXX-5896,08-Jun-25,5914,1073,1073-Goods or Services Not Provided / Not Received,5171,08-Jun-25,XUR31083000529
09-Jun-25,NPCI33493002530,30962010002530,652850-XXX-XXX-0871,09-Jun-25,8921,1076,1076-Goods or Services Not Provided / Not Received,4985,09-Jun-25,XUR31083000530
10-Jun-25,NPCI33493002531,30962010002531,652850-XXX-XXX-3184,10-Jun-25,7117,1066,1066-Goods or Services Not Provided / Not Received,5135,10-Jun-25,XUR31083000531
11-Jun-25,NPCI33493002532,30962010002532,652850-XXX-XXX-2658,11-Jun-25,9522,1075,1075-Goods or Services Not Provided / Not Received,5558,11-Jun-25,XUR31083000532
12-Jun-25,NPCI33493002533,30962010002533,652850-XXX-XXX-3927,12-Jun-25,9853,1072,1072-Goods or Services Not Provided / Not Received,5098,12-Jun-25,XUR31083000533
13-Jun-25,NPCI33493002534,30962010002534,652850-XXX-XXX-6691,13-Jun-25,8682,1073,1073-Goods or Services Not Provided / Not Received,5766,13-Jun-25,XUR31083000534
14-Jun-25,NPCI33493002535,30962010002535,652850-XXX-XXX-1974,14-Jun-25,7351,1072,1072-Goods or Services Not Provided / Not Received,5154,14-Jun-25,XUR31083000535
15-Jun-25,NPCI33493002536,30962010002536,652850-XXX-XXX-3137,15-Jun-25,9854,1072,1072-Goods or Services Not Provided / Not Received,5578,15-Jun-25,XUR31083000536
16-Jun-25,NPCI33493002537,30962010002537,652850-XXX-XXX-9301,16-Jun-25,8910,1070,1070-Goods or Services Not Provided / Not Received,5606,16-Jun-25,XUR31083000537
17-Jun-25,NPCI33493002538,30962010002538,652850-XXX-XXX-5223,17-Jun-25,8903,1074,1074-Goods or Services Not Provided / Not Received,5226,17-Jun-25,XUR31083000538
18-Jun-25,NPCI33493002539,30962010002539,652850-XXX-XXX-4751,18-Jun-25,6952,1072,1072-Goods or Services Not Provided / Not Received,5517,18-Jun-25,XUR31083000539
19-Jun-25,NPCI33493002540,30962010002540,652850-XXX-XXX-8016,19-Jun-25,5844,1068,1068-Goods or Services Not Provided / Not Received,5083,19-Jun-25,XUR31083000540
20-Jun-25,NPCI33493002541,30962010002541,652850-XXX-XXX-3842,20-Jun-25,8117,1072,1072-Goods or Services Not Provided / Not Received,5576,20-Jun-25,XUR31083000541
21-Jun-25,NPCI33493002542,30962010002542,652850-XXX-XXX-3851,21-Jun-25,6013,1069,1069-Goods or Services Not Provided / Not Received,5003,21-Jun-25,XUR31083000542
22-Jun-25,NPCI33493002543,30962010002543,652850-XXX-XXX-8588,22-Jun-25,7534,1072,1072-Goods or Services Not Provided / Not Received,5180,22-Jun-25,XUR31083000543
23-Jun-25,NPCI33493002544,30962010002544,652850-XXX-XXX-4055,23-Jun-25,5202,1073,1073-Goods or Services Not Provided / Not Received,5415,23-Jun-25,XUR31083000544
24-Jun-25,NPCI33493002545,30962010002545,652850-XXX-XXX-6031,24-Jun-25,7241,1069,1069-Goods or Services Not Provided / Not Received,5319,24-Jun-25,XUR31083000545
25-Jun-25,NPCI33493002546,30962010002546,652850-XXX-XXX-8888,25-Jun-25,7033,1074,1074-Goods or Services Not Provided / Not Received,5546,25-Jun-25,XUR31083000546
26-Jun-25,NPCI33493002547,30962010002547,652850-XXX-XXX-5901,26-Jun-25,7153,1072,1072-Goods or Services Not Provided / Not Received,5525,26-Jun-25,XUR31083000547
27-Jun-25,NPCI33493002548,30962010002548,652850-XXX-XXX-3648,27-Jun-25,7633,1066,1066-Goods or Services Not Provided / Not Received,5420,27-Jun-25,XUR31083000548
28-Jun-25,NPCI33493002549,30962010002549,652850-XXX-XXX-1163,28-Jun-25,7869,1071,1071-Goods or Services Not Provided / Not Received,5081,28-Jun-25,XUR31083000549
29-Jun-25,NPCI33493002550,30962010002550,652850-XXX-XXX-1606,29-Jun-25,5256,1073,1073-Goods or Services Not Provided / Not Received,5683,29-Jun-25,XUR31083000550
30-Jun-25,NPCI33493002551,30962010002551,652850-XXX-XXX-3282,30-Jun-25,5671,1070,1070-Goods or Services Not Provided / Not Received,5695,30-Jun-25,XUR31083000551
01-Jul-25,NPCI33493002552,30962010002552,652850-XXX-XXX-2770,01-Jul-25,9940,1071,1071-Goods or Services Not Provided / Not Received,5086,01-Jul-25,XUR31083000552
02-Jul-25,NPCI33493002553,30962010002553,652850-XXX-XXX-9417,02-Jul-25,5326,1070,1070-Goods or Services Not Provided / Not Received,5077,02-Jul-25,XUR31083000553
03-Jul-25,NPCI33493002554,30962010002554,652850-XXX-XXX-6846,03-Jul-25,5562,1076,1076-Goods or Services Not Provided / Not Received,5510,03-Jul-25,XUR31083000554
04-Jul-25,NPCI33493002555,30962010002555,652850-XXX-XXX-8252,04-Jul-25,6367,1075,1075-Goods or Services Not Provided / Not Received,5156,04-Jul-25,XUR31083000555
05-Jul-25,NPCI33493002556,30962010002556,652850-XXX-XXX-9574,05-Jul-25,7116,1070,1070-Goods or Services Not Provided / Not Received,5307,05-Jul-25,XUR31083000556
06-Jul-25,NPCI33493002557,30962010002557,652850-XXX-XXX-3288,06-Jul-25,8836,1075,1075-Goods or Services Not Provided / Not Received,5277,06-Jul-25,XUR31083000557
07-Jul-25,NPCI33493002558,30962010002558,652850-XXX-XXX-5976,07-Jul-25,5446,1070,1070-Goods or Services Not Provided / Not Received,5765,07-Jul-25,XUR31083000558
08-Jul-25,NPCI33493002559,30962010002559,652850-XXX-XXX-2619,08-Jul-25,6128,1072,1072-Goods or Services Not Provided / Not Received,5623,08-Jul-25,XUR31083000559
09-Jul-25,NPCI33493002560,30962010002560,652850-XXX-XXX-9652,09-Jul-25,9502,1071,1071-Goods or Services Not Provided / Not Received,5416,09-Jul-25,XUR31083000560
10-Jul-25,NPCI33493002561,30962010002561,652850-XXX-XXX-8296,10-Jul-25,9591,1065,1065-Goods or Services Not Provided / Not Received,5664,10-Jul-25,XUR31083000561
11-Jul-25,NPCI33493002562,30962010002562,652850-XXX-XXX-9597,11-Jul-25,8406,1073,1073-Goods or Services Not Provided / Not Received,5086,11-Jul-25,XUR31083000562
12-Jul-25,NPCI33493002563,30962010002563,652850-XXX-XXX-0977,12-Jul-25,8868,1073,1073-Goods or Services Not Provided / Not Received,5025,12-Jul-25,XUR31083000563
13-Jul-25,NPCI33493002564,30962010002564,652850-XXX-XXX-3670,13-Jul-25,7217,1070,1070-Goods or Services Not Provided / Not Received,5106,13-Jul-25,XUR31083000564
14-Jul-25,NPCI33493002565,30962010002565,652850-XXX-XXX-6603,14-Jul-25,6925,1070,1070-Goods or Services Not Provided / Not Received,5585,14-Jul-25,XUR31083000565
15-Jul-25,NPCI33493002566,30962010002566,652850-XXX-XXX-7238,15-Jul-25,7903,1072,1072-Goods or Services Not Provided / Not Received,5568,15-Jul-25,XUR31083000566
16-Jul-25,NPCI33493002567,30962010002567,652850-XXX-XXX-3773,16-Jul-25,8986,1075,1075-Goods or Services Not Provided / Not Received,5702,16-Jul-25,XUR31083000567
17-Jul-25,NPCI33493002568,30962010002568,652850-XXX-XXX-9812,17-Jul-25,9505,1072,1072-Goods or Services Not Provided / Not Received,5018,17-Jul-25,XUR31083000568
18-Jul-25,NPCI33493002569,30962010002569,652850-XXX-XXX-4784,18-Jul-25,7762,1075,1075-Goods or Services Not Provided / Not Received,5465,18-Jul-25,XUR31083000569
19-Jul-25,NPCI33493002570,30962010002570,652850-XXX-XXX-6794,19-Jul-25,7961,1068,1068-Goods or Services Not Provided / Not Received,5746,19-Jul-25,XUR31083000570
20-Jul-25,NPCI33493002571,30962010002571,652850-XXX-XXX-1103,20-Jul-25,6216,1066,1066-Goods or Services Not Provided / Not Received,5725,20-Jul-25,XUR31083000571
21-Jul-25,NPCI33493002572,30962010002572,652850-XXX-XXX-2213,21-Jul-25,7652,1070,1070-Goods or Services Not Provided / Not Received,4974,21-Jul-25,XUR31083000572
22-Jul-25,NPCI33493002573,30962010002573,652850-XXX-XXX-9944,22-Jul-25,8173,1070,1070-Goods or Services Not Provided / Not Received,5692,22-Jul-25,XUR31083000573
23-Jul-25,NPCI33493002574,30962010002574,652850-XXX-XXX-7251,23-Jul-25,8068,1066,1066-Goods or Services Not Provided / Not Received,4986,23-Jul-25,XUR31083000574
24-Jul-25,NPCI33493002575,30962010002575,652850-XXX-XXX-5530,24-Jul-25,9702,1067,1067-Goods or Services Not Provided / Not Received,5134,24-Jul-25,XUR31083000575
25-Jul-25,NPCI33493002576,30962010002576,652850-XXX-XXX-8707,25-Jul-25,9277,1075,1075-Goods or Services Not Provided / Not Received,5382,25-Jul-25,XUR31083000576
26-Jul-25,NPCI33493002577,30962010002577,652850-XXX-XXX-8997,26-Jul-25,9003,1066,1066-Goods or Services Not Provided / Not Received,5064,26-Jul-25,XUR31083000577
27-Jul-25,NPCI33493002578,30962010002578,652850-XXX-XXX-1960,27-Jul-25,5523,1074,1074-Goods or Services Not Provided / Not Received,4974,27-Jul-25,XUR31083000578
28-Jul-25,NPCI33493002579,30962010002579,652850-XXX-XXX-5404,28-Jul-25,8481,1075,1075-Goods or Services Not Provided / Not Received,5578,28-Jul-25,XUR31083000579
29-Jul-25,NPCI33493002580,30962010002580,652850-XXX-XXX-0742,29-Jul-25,8266,1069,1069-Goods or Services Not Provided / Not Received,5679,29-Jul-25,XUR31083000580
30-Jul-25,NPCI33493002581,30962010002581,652850-XXX-XXX-2517,30-Jul-25,5746,1070,1070-Goods or Services Not Provided / Not Received,4975,30-Jul-25,XUR31083000581
31-Jul-25,NPCI33493002582,30962010002582,652850-XXX-XXX-3379,31-Jul-25,7284,1069,1069-Goods or Services Not Provided / Not Received,5733,31-Jul-25,XUR31083000582
01-Aug-25,NPCI33493002583,30962010002583,652850-XXX-XXX-1927,01-Aug-25,6561,1065,1065-Goods or Services Not Provided / Not Received,5211,01-Aug-25,XUR31083000583
02-Aug-25,NPCI33493002584,30962010002584,652850-XXX-XXX-6295,02-Aug-25,8385,1068,1068-Goods or Services Not Provided / Not Received,5401,02-Aug-25,XUR31083000584
03-Aug-25,NPCI33493002585,30962010002585,652850-XXX-XXX-7258,03-Aug-25,5570,1067,1067-Goods or Services Not Provided / Not Received,5047,03-Aug-25,XUR31083000585
04-Aug-25,NPCI33493002586,30962010002586,652850-XXX-XXX-2827,04-Aug-25,6306,1067,1067-Goods or Services Not Provided / Not Received,5654,04-Aug-25,XUR31083000586
05-Aug-25,NPCI33493002587,30962010002587,652850-XXX-XXX-0154,05-Aug-25,8338,1066,1066-Goods or Services Not Provided / Not Received,5575,05-Aug-25,XUR31083000587
06-Aug-25,NPCI33493002588,30962010002588,652850-XXX-XXX-4925,06-Aug-25,5364,1068,1068-Goods or Services Not Provided / Not Received,4981,06-Aug-25,XUR31083000588
07-Aug-25,NPCI33493002589,30962010002589,652850-XXX-XXX-5012,07-Aug-25,8365,1073,1073-Goods or Services Not Provided / Not Received,5405,07-Aug-25,XUR31083000589
08-Aug-25,NPCI33493002590,30962010002590,652850-XXX-XXX-5290,08-Aug-25,9539,1076,1076-Goods or Services Not Provided / Not Received,5067,08-Aug-25,XUR31083000590
09-Aug-25,NPCI33493002591,30962010002591,652850-XXX-XXX-6423,09-Aug-25,6504,1075,1075-Goods or Services Not Provided / Not Received,5604,09-Aug-25,XUR31083000591
10-Aug-25,NPCI33493002592,30962010002592,652850-XXX-XXX-5730,10-Aug-25,7944,1066,1066-Goods or Services Not Provided / Not Received,5607,10-Aug-25,XUR31083000592
11-Aug-25,NPCI33493002593,30962010002593,652850-XXX-XXX-3604,11-Aug-25,6488,1066,1066-Goods or Services Not Provided / Not Received,5497,11-Aug-25,XUR31083000593
12-Aug-25,NPCI33493002594,30962010002594,652850-XXX-XXX-7352,12-Aug-25,5009,1074,1074-Goods or Services Not Provided / Not Received,5246,12-Aug-25,XUR31083000594
13-Aug-25,NPCI33493002595,30962010002595,652850-XXX-XXX-2478,13-Aug-25,5161,1076,1076-Goods or Services Not Provided / Not Received,5649,13-Aug-25,XUR31083000595
14-Aug-25,NPCI33493002596,30962010002596,652850-XXX-XXX-4575,14-Aug-25,6815,1074,1074-Goods or Services Not Provided / Not Received,5692,14-Aug-25,XUR31083000596
15-Aug-25,NPCI33493002597,30962010002597,652850-XXX-XXX-4250,15-Aug-25,9915,1069,1069-Goods or Services Not Provided / Not Received,5626,15-Aug-25,XUR31083000597
16-Aug-25,NPCI33493002598,30962010002598,652850-XXX-XXX-1053,16-Aug-25,8566,1068,1068-Goods or Services Not Provided / Not Received,5758,16-Aug-25,XUR31083000598
17-Aug-25,NPCI33493002599,30962010002599,652850-XXX-XXX-4928,17-Aug-25,7142,1074,1074-Goods or Services Not Provided / Not Received,5149,17-Aug-25,XUR31083000599
